,date,bid,ask,mid_USD3MOIS
0,2023-11-23,5.361,5.411,5.385999999999999
1,2023-11-22,5.3606,5.4106,5.3856
2,2023-11-21,5.352,5.402,5.377000000000001
3,2023-11-20,5.3491,5.3991,5.3741
4,2023-11-17,5.3446,5.3946,5.3696
5,2023-11-16,5.3412,5.3912,5.3662
6,2023-11-15,5.3436,5.3936,5.368600000000001
7,2023-11-14,5.3399,5.3899,5.3649000000000004
8,2023-11-13,5.369,5.419,5.394
9,2023-11-10,5.3618,5.4118,5.3868
10,2023-11-09,5.3637,5.4137,5.3887
11,2023-11-08,5.3574,5.4074,5.3824000000000005
12,2023-11-07,5.3536,5.4036,5.3786000000000005
13,2023-11-06,5.353,5.403,5.378
14,2023-11-03,5.3494,5.3994,5.3744
15,2023-11-02,5.3692,5.4192,5.3942
16,2023-11-01,5.381,5.401,5.391
17,2023-10-31,5.3805,5.4305,5.4055
18,2023-10-30,5.3731,5.4231,5.3980999999999995
19,2023-10-27,5.3606,5.4106,5.3856
20,2023-10-26,5.3656,5.4156,5.3906
21,2023-10-25,5.39,5.41,5.4
22,2023-10-24,5.3735,5.4235,5.3985
23,2023-10-23,5.3686,5.4186,5.393599999999999
24,2023-10-20,5.3628,5.4128,5.3878
25,2023-10-19,5.372,5.422,5.397
26,2023-10-18,5.392,5.442,5.417
27,2023-10-17,5.4039,5.4539,5.4289000000000005
28,2023-10-16,5.3848,5.4348,5.409800000000001
29,2023-10-13,5.395,5.415,5.404999999999999
30,2023-10-12,5.3881,5.4381,5.4131
31,2023-10-11,5.3757,5.4257,5.4007000000000005
32,2023-10-10,5.3835,5.4335,5.4085
33,2023-10-09,5.381,5.421,5.401
34,2023-10-06,5.4114,5.4614,5.436400000000001
35,2023-10-05,5.3933,5.4433,5.4183
36,2023-10-04,5.3991,5.4491,5.424099999999999
37,2023-10-03,5.411,5.461,5.436
38,2023-10-02,5.4053,5.4553,5.430300000000001
39,2023-09-29,5.396,5.416,5.406000000000001
40,2023-09-28,5.391,5.431,5.411
41,2023-09-27,5.3908,5.4408,5.4158
42,2023-09-26,5.3789,5.4289,5.4039
43,2023-09-25,5.3793,5.4293,5.404299999999999
44,2023-09-22,5.381,5.431,5.406000000000001
45,2023-09-21,5.3918,5.4418,5.4168
46,2023-09-20,5.3931,5.4431,5.4181
47,2023-09-19,5.3893,5.4393,5.414300000000001
48,2023-09-18,5.3903,5.4403,5.4153
49,2023-09-15,5.3869,5.4369,5.411899999999999
50,2023-09-14,5.3919,5.4419,5.4169
51,2023-09-13,5.393,5.443,5.417999999999999
52,2023-09-12,5.4011,5.4511,5.4261
53,2023-09-11,5.4029,5.4529,5.427899999999999
54,2023-09-08,5.417,5.437,5.427
55,2023-09-07,5.4007,5.4507,5.4257
56,2023-09-06,5.4038,5.4538,5.428800000000001
57,2023-09-05,5.3964,5.4464,5.4214
58,2023-09-04,5.3866,5.4366,5.4116
59,2023-09-01,5.386,5.436,5.411
60,2023-08-31,5.411,5.431,5.420999999999999
61,2023-08-30,5.3988,5.4488,5.4238
62,2023-08-29,5.3957,5.4457,5.4207
63,2023-08-28,5.4174,5.4674,5.442399999999999
64,2023-08-25,5.425,5.445,5.4350000000000005
65,2023-08-24,5.4016,5.4516,5.4266000000000005
66,2023-08-23,5.3845,5.4345,5.4094999999999995
67,2023-08-22,5.3894,5.4394,5.4144000000000005
68,2023-08-21,5.3834,5.4334,5.4084
69,2023-08-18,5.3712,5.4212,5.3962
70,2023-08-17,5.373,5.423,5.398
71,2023-08-16,5.38,5.42,5.4
72,2023-08-15,5.3712,5.4212,5.3962
73,2023-08-14,5.3702,5.4202,5.3952
74,2023-08-11,5.3652,5.4152,5.3902
75,2023-08-10,5.3623,5.4123,5.3873
76,2023-08-09,5.3665,5.4165,5.391500000000001
77,2023-08-08,5.365,5.415,5.390000000000001
78,2023-08-07,5.3628,5.4128,5.3878
79,2023-08-04,5.3573,5.4073,5.382300000000001
80,2023-08-03,5.374,5.424,5.399
81,2023-08-02,5.379,5.399,5.388999999999999
82,2023-08-01,5.367,5.417,5.3919999999999995
83,2023-07-31,5.3619,5.4119,5.386900000000001
84,2023-07-28,5.3604,5.4104,5.385400000000001
85,2023-07-27,5.362,5.412,5.3870000000000005
86,2023-07-26,5.376,5.396,5.386
87,2023-07-25,5.3546,5.4046,5.3796
88,2023-07-24,5.362,5.382,5.372
89,2023-07-21,5.338,5.388,5.3629999999999995
90,2023-07-20,5.334,5.384,5.359
91,2023-07-19,5.334,5.374,5.353999999999999
92,2023-07-18,5.3226,5.3726,5.3476
93,2023-07-17,5.327,5.347,5.337
94,2023-07-14,5.3057,5.3557,5.3307
95,2023-07-13,5.295,5.345,5.32
96,2023-07-12,5.2948,5.3448,5.319800000000001
97,2023-07-11,5.2955,5.3455,5.3205
98,2023-07-10,5.2904,5.3404,5.3154
99,2023-07-07,5.2828,5.3328,5.3078
100,2023-07-06,5.2829,5.3329,5.3079
101,2023-07-05,5.28,5.3,5.29
102,2023-07-04,5.2624,5.3124,5.2874
103,2023-07-03,5.257,5.307,5.282
104,2023-06-30,5.265,5.285,5.275
105,2023-06-29,5.2529,5.3029,5.277900000000001
106,2023-06-28,5.22,5.27,5.244999999999999
107,2023-06-27,5.223,5.263,5.243
108,2023-06-26,5.2178,5.2678,5.242800000000001
109,2023-06-23,5.213,5.253,5.2330000000000005
110,2023-06-22,5.2153,5.2653,5.2402999999999995
111,2023-06-21,5.2091,5.2591,5.2341
112,2023-06-20,5.2111,5.2611,5.2361
113,2023-06-19,5.2002,5.2502,5.2252
114,2023-06-16,5.214,5.234,5.224
115,2023-06-15,5.201,5.221,5.211
116,2023-06-14,5.1827,5.2327,5.2077
117,2023-06-13,5.1937,5.2437,5.2187
118,2023-06-12,5.2359,5.2859,5.2608999999999995
119,2023-06-09,5.239,5.279,5.259
120,2023-06-08,5.2186,5.2686,5.243600000000001
121,2023-06-07,5.22,5.27,5.244999999999999
122,2023-06-06,5.2055,5.2555,5.230499999999999
123,2023-06-05,5.2062,5.2562,5.231199999999999
124,2023-06-02,5.229,5.249,5.239
125,2023-06-01,5.1942,5.2442,5.219200000000001
126,2023-05-31,5.224,5.244,5.234
127,2023-05-30,5.262,5.312,5.287
128,2023-05-29,5.262,5.282,5.272
129,2023-05-26,5.252,5.302,5.276999999999999
130,2023-05-25,5.2429,5.2929,5.2679
131,2023-05-24,5.2072,5.2572,5.232200000000001
132,2023-05-23,5.165,5.215,5.1899999999999995
133,2023-05-22,5.1493,5.1993,5.174300000000001
134,2023-05-19,5.131,5.171,5.151
135,2023-05-18,5.146,5.186,5.166
136,2023-05-17,5.1069,5.1569,5.1319
137,2023-05-16,5.0871,5.1371,5.1121
138,2023-05-15,5.0841,5.1341,5.1091
139,2023-05-12,5.089,5.109,5.099
140,2023-05-11,5.06,5.11,5.085
141,2023-05-10,5.0548,5.1048,5.0798000000000005
142,2023-05-09,5.0892,5.1392,5.1142
143,2023-05-08,5.077,5.117,5.0969999999999995
144,2023-05-05,5.059,5.099,5.079000000000001
145,2023-05-04,5.047,5.067,5.057
146,2023-05-03,5.072,5.122,5.0969999999999995
147,2023-05-02,5.059,5.079,5.069
148,2023-05-01,5.107,5.157,5.132
149,2023-04-28,5.084,5.104,5.093999999999999
150,2023-04-27,5.0858,5.1358,5.110799999999999
151,2023-04-26,5.05,5.07,5.0600000000000005
152,2023-04-25,5.0249,5.0749,5.0499
153,2023-04-24,5.075,5.125,5.1
154,2023-04-21,5.065,5.115,5.09
155,2023-04-20,5.063,5.103,5.083
156,2023-04-19,5.0618,5.1118,5.0868
157,2023-04-18,5.0437,5.0937,5.0687
158,2023-04-17,5.045,5.095,5.07
159,2023-04-14,5.019,5.069,5.0440000000000005
160,2023-04-13,4.9761,5.0261,5.001099999999999
161,2023-04-12,4.975,5.025,5.0
162,2023-04-11,4.9771,5.0271,5.0021
163,2023-04-10,4.9742,5.0242,4.9992
164,2023-04-07,4.9576,5.0076,4.9826
165,2023-04-06,4.9058,4.9558,4.9308
166,2023-04-05,4.8945,4.9445,4.919499999999999
167,2023-04-04,4.887,4.937,4.912
168,2023-04-03,4.9245,4.9745,4.9495000000000005
169,2023-03-31,4.912,4.952,4.932
170,2023-03-30,4.902,4.952,4.927
171,2023-03-29,4.884,4.934,4.909000000000001
172,2023-03-28,4.8806,4.9306,4.9056
173,2023-03-27,4.8947,4.9447,4.919700000000001
174,2023-03-24,4.83,4.85,4.84
175,2023-03-23,4.8561,4.9061,4.8811
176,2023-03-22,4.89,4.91,4.9
177,2023-03-21,4.878,4.928,4.9030000000000005
178,2023-03-20,4.832,4.872,4.852
179,2023-03-17,4.752,4.792,4.772
180,2023-03-16,4.854,4.894,4.8740000000000006
181,2023-03-15,4.7569,4.8069,4.7819
182,2023-03-14,4.8382,4.8882,4.8632
183,2023-03-13,4.706,4.746,4.726000000000001
184,2023-03-10,4.983,5.033,5.008
185,2023-03-09,5.085,5.135,5.109999999999999
186,2023-03-08,5.1197,5.1697,5.1447
187,2023-03-07,5.0676,5.1176,5.0926
188,2023-03-06,4.969,4.989,4.979
189,2023-03-03,4.957,4.977,4.9670000000000005
190,2023-03-02,4.9379,4.9879,4.962899999999999
191,2023-03-01,4.9328,4.9828,4.957800000000001
192,2023-02-28,4.894,4.944,4.9190000000000005
193,2023-02-27,4.9005,4.9505,4.9254999999999995
194,2023-02-24,4.896,4.936,4.916
195,2023-02-23,4.885,4.935,4.91
196,2023-02-22,4.869,4.889,4.879
197,2023-02-21,4.7977,4.8477,4.822699999999999
198,2023-02-20,4.841,4.861,4.851
199,2023-02-17,4.826,4.866,4.846
200,2023-02-16,4.8167,4.8667,4.8416999999999994
201,2023-02-15,4.8023,4.8523,4.827299999999999
202,2023-02-14,4.787,4.807,4.797000000000001
203,2023-02-13,4.7697,4.8197,4.794700000000001
204,2023-02-10,4.766,4.806,4.786
205,2023-02-09,4.7149,4.7649,4.7399000000000004
206,2023-02-08,4.8632,4.9132,4.888199999999999
207,2023-02-07,4.742,4.782,4.7620000000000005
208,2023-02-06,4.736,4.756,4.746
209,2023-02-03,4.717,4.757,4.737
210,2023-02-02,4.6929,4.7429,4.7179
211,2023-02-01,4.707,4.747,4.727
212,2023-01-31,4.693,4.733,4.712999999999999
213,2023-01-30,4.6864,4.7364,4.711399999999999
214,2023-01-27,4.673,4.713,4.693
215,2023-01-26,4.683,4.703,4.693
216,2023-01-25,4.663,4.713,4.688000000000001
217,2023-01-24,4.656,4.706,4.681
218,2023-01-23,4.653,4.703,4.678
219,2023-01-20,4.633,4.683,4.6579999999999995
220,2023-01-19,4.638,4.688,4.663
221,2023-01-18,4.6362,4.6862,4.6612
222,2023-01-17,4.6243,4.6743,4.6493
223,2023-01-16,4.6266,4.6766,4.6516
224,2023-01-13,4.622,4.662,4.6419999999999995
225,2023-01-12,4.6151,4.6651,4.6401
226,2023-01-11,4.6445,4.6945,4.669499999999999
227,2023-01-10,4.6222,4.6722,4.6472
228,2023-01-09,4.606,4.656,4.631
229,2023-01-06,4.627,4.647,4.6370000000000005
230,2023-01-05,4.644,4.684,4.664
231,2023-01-04,4.6155,4.6655,4.640499999999999
232,2023-01-03,4.5963,4.6463,4.6213
233,2023-01-02,4.594,4.634,4.614000000000001
234,2022-12-30,4.601,4.621,4.611000000000001
235,2022-12-29,4.585,4.625,4.605
236,2022-12-28,4.5921,4.6421,4.617100000000001
237,2022-12-27,4.5718,4.6218,4.5968
238,2022-12-26,4.56,4.6,4.58
239,2022-12-23,4.547,4.597,4.572
240,2022-12-22,4.5419,4.5919,4.5669
241,2022-12-21,4.5316,4.5816,4.5565999999999995
242,2022-12-20,4.5184,4.5684,4.5434
243,2022-12-19,4.5169,4.5669,4.5419
244,2022-12-16,4.494,4.544,4.519
245,2022-12-15,4.5034,4.5534,4.5283999999999995
246,2022-12-14,4.526,4.566,4.545999999999999
247,2022-12-13,4.4981,4.5481,4.5230999999999995
248,2022-12-12,4.53,4.58,4.555
249,2022-12-09,4.499,4.549,4.524
250,2022-12-08,4.4945,4.5445,4.519500000000001
251,2022-12-07,4.456,4.506,4.481
252,2022-12-06,4.454,4.504,4.478999999999999
253,2022-12-05,4.4601,4.5101,4.4851
254,2022-12-02,4.441,4.461,4.4510000000000005
255,2022-12-01,4.43,4.47,4.449999999999999
256,2022-11-30,4.4292,4.4792,4.4542
257,2022-11-29,4.4102,4.4602,4.4352
258,2022-11-28,4.4102,4.4602,4.4352
259,2022-11-25,4.392,4.442,4.417
260,2022-11-24,4.39,4.43,4.41
261,2022-11-23,4.393,4.433,4.413
262,2022-11-22,4.404,4.444,4.4239999999999995
263,2022-11-21,4.3622,4.4122,4.3872
264,2022-11-18,4.32,4.37,4.345000000000001
265,2022-11-17,4.3088,4.3588,4.3338
266,2022-11-16,4.2846,4.3346,4.3096
267,2022-11-15,4.279,4.319,4.2989999999999995
268,2022-11-14,4.259,4.299,4.279
269,2022-11-11,4.235,4.275,4.255000000000001
270,2022-11-10,4.235,4.275,4.255000000000001
271,2022-11-09,4.2791,4.3291,4.3041
272,2022-11-08,4.2706,4.3206,4.2956
273,2022-11-07,4.2349,4.2849,4.2599
274,2022-11-04,4.204,4.244,4.224
275,2022-11-03,4.2487,4.2987,4.2737
276,2022-11-02,4.209,4.249,4.228999999999999
277,2022-11-01,4.185,4.205,4.195
278,2022-10-31,4.173,4.213,4.193
279,2022-10-28,4.122,4.162,4.1419999999999995
280,2022-10-27,4.1099,4.1599,4.1349
281,2022-10-26,4.108,4.148,4.128
282,2022-10-25,4.084,4.104,4.093999999999999
283,2022-10-24,4.0786,4.1286,4.1036
284,2022-10-21,4.039,4.079,4.058999999999999
285,2022-10-20,4.0745,4.1245,4.0995
286,2022-10-19,4.0549,4.1049,4.0799
287,2022-10-18,4.0047,4.0547,4.0297
288,2022-10-17,3.988,4.028,4.008
289,2022-10-14,3.974,3.994,3.984
290,2022-10-13,3.968,4.008,3.988
291,2022-10-12,3.8771,3.9271,3.9021
292,2022-10-11,3.855,3.895,3.875
293,2022-10-10,3.8143,3.8643,3.8392999999999997
294,2022-10-07,3.812,3.832,3.822
295,2022-10-06,3.7758,3.8258,3.8007999999999997
296,2022-10-05,3.739,3.789,3.7640000000000002
297,2022-10-04,3.6947,3.7447,3.7197
298,2022-10-03,3.6591,3.7091,3.6841
299,2022-09-30,3.636,3.676,3.656
300,2022-09-29,3.603,3.653,3.628
301,2022-09-28,3.6227,3.6727,3.6477
302,2022-09-27,3.575,3.595,3.585
303,2022-09-26,3.5951,3.6451,3.6201
304,2022-09-23,3.578,3.598,3.588
305,2022-09-22,3.557,3.597,3.577
306,2022-09-21,3.5778,3.6278,3.6028000000000002
307,2022-09-20,3.538,3.578,3.558
308,2022-09-19,3.522,3.562,3.542
309,2022-09-16,3.471,3.511,3.491
310,2022-09-15,3.4831,3.5331,3.5080999999999998
311,2022-09-14,3.4598,3.5098,3.4848
312,2022-09-13,3.404,3.424,3.4139999999999997
313,2022-09-12,3.2487,3.2987,3.2737
314,2022-09-09,3.207,3.257,3.232
315,2022-09-08,3.196,3.236,3.216
316,2022-09-07,3.1478,3.1978,3.1728
317,2022-09-06,3.105,3.155,3.13
318,2022-09-05,3.0535,3.1035,3.0785
319,2022-09-02,3.026,3.076,3.051
320,2022-09-01,3.0664,3.1164,3.0914
321,2022-08-31,3.0552,3.1052,3.0802
322,2022-08-30,2.9969,3.0469,3.0219
323,2022-08-29,2.977,3.027,3.002
324,2022-08-26,2.945,2.985,2.965
325,2022-08-25,2.9456,2.9956,2.9706
326,2022-08-24,2.9278,2.9778,2.9528
327,2022-08-23,2.8845,2.9345,2.9095
328,2022-08-22,2.861,2.911,2.886
329,2022-08-19,2.817,2.867,2.842
330,2022-08-18,2.8079,2.8579,2.8329
331,2022-08-17,2.7951,2.8451,2.8201
332,2022-08-16,2.772,2.792,2.782
333,2022-08-15,2.7559,2.8059,2.7809
334,2022-08-12,2.739,2.789,2.7640000000000002
335,2022-08-11,2.7368,2.7868,2.7618
336,2022-08-10,2.733,2.773,2.753
337,2022-08-09,2.7556,2.8056,2.7805999999999997
338,2022-08-08,2.754,2.794,2.774
339,2022-08-05,2.708,2.748,2.728
340,2022-08-04,2.6451,2.6951,2.6700999999999997
341,2022-08-03,2.628,2.678,2.653
342,2022-08-02,2.617,2.637,2.627
343,2022-08-01,2.575,2.625,2.6
344,2022-07-29,2.57,2.62,2.5949999999999998
345,2022-07-28,2.576,2.596,2.5860000000000003
346,2022-07-27,2.574,2.594,2.5839999999999996
347,2022-07-26,2.575,2.625,2.6
348,2022-07-25,2.578,2.598,2.588
349,2022-07-22,2.551,2.571,2.561
350,2022-07-21,2.566,2.606,2.586
351,2022-07-20,2.566,2.606,2.586
352,2022-07-19,2.525,2.545,2.535
353,2022-07-18,2.485,2.535,2.51
354,2022-07-15,2.47,2.52,2.495
355,2022-07-14,2.52,2.56,2.54
356,2022-07-13,2.592,2.632,2.612
357,2022-07-12,2.348,2.368,2.3579999999999997
358,2022-07-11,2.33,2.35,2.34
359,2022-07-08,2.305,2.345,2.325
360,2022-07-07,2.273,2.313,2.293
361,2022-07-06,2.238,2.288,2.263
362,2022-07-05,2.215,2.255,2.235
363,2022-07-04,2.201,2.241,2.221
364,2022-07-01,2.169,2.219,2.194
365,2022-06-30,2.16,2.21,2.185
366,2022-06-29,2.142,2.162,2.152
367,2022-06-28,2.113,2.133,2.123
368,2022-06-27,2.106,2.156,2.1310000000000002
369,2022-06-24,2.077,2.117,2.097
370,2022-06-23,2.079,2.129,2.104
371,2022-06-22,2.083,2.123,2.103
372,2022-06-21,2.058,2.098,2.078
373,2022-06-20,2.013,2.063,2.0380000000000003
374,2022-06-17,2.012,2.032,2.0220000000000002
375,2022-06-16,1.996,2.036,2.016
376,2022-06-15,1.988,2.028,2.008
377,2022-06-14,1.961,1.981,1.971
378,2022-06-13,1.879,1.919,1.899
379,2022-06-10,1.669,1.689,1.679
380,2022-06-09,1.578,1.628,1.603
381,2022-06-08,1.557,1.577,1.567
382,2022-06-07,1.532,1.552,1.542
383,2022-06-06,1.508,1.558,1.533
384,2022-06-03,1.493,1.543,1.518
385,2022-06-02,1.496,1.536,1.516
386,2022-06-01,1.475,1.495,1.485
387,2022-05-31,1.458,1.498,1.478
388,2022-05-30,1.42,1.47,1.4449999999999998
389,2022-05-27,1.425,1.445,1.435
390,2022-05-26,1.41,1.46,1.435
391,2022-05-25,1.396,1.416,1.406
392,2022-05-24,1.378,1.398,1.388
393,2022-05-23,1.382,1.422,1.402
394,2022-05-20,1.359,1.379,1.369
395,2022-05-19,1.356,1.396,1.376
396,2022-05-18,1.352,1.392,1.3719999999999999
397,2022-05-17,1.322,1.342,1.332
398,2022-05-16,1.286,1.336,1.311
399,2022-05-13,1.289,1.309,1.299
400,2022-05-12,1.27,1.29,1.28
401,2022-05-11,1.263,1.283,1.273
402,2022-05-10,1.251,1.291,1.271
403,2022-05-09,1.203,1.253,1.228
404,2022-05-06,1.226,1.246,1.236
405,2022-05-05,1.214,1.254,1.234
406,2022-05-04,1.206,1.246,1.226
407,2022-05-03,1.179,1.229,1.2040000000000002
408,2022-05-02,1.153,1.203,1.178
409,2022-04-29,1.171,1.211,1.191
410,2022-04-28,1.136,1.176,1.156
411,2022-04-27,1.043,1.093,1.068
412,2022-04-26,1.026,1.076,1.0510000000000002
413,2022-04-25,1.026,1.076,1.0510000000000002
414,2022-04-22,1.018,1.058,1.038
415,2022-04-21,1.001,1.021,1.011
416,2022-04-20,0.95,0.97,0.96
417,2022-04-19,0.921,0.971,0.946
418,2022-04-18,0.907,0.927,0.917
419,2022-04-15,0.897,0.917,0.907
420,2022-04-14,0.887,0.927,0.907
421,2022-04-13,0.845,0.865,0.855
422,2022-04-12,0.827,0.867,0.847
423,2022-04-11,0.835,0.855,0.845
424,2022-04-08,0.803,0.853,0.8280000000000001
425,2022-04-07,0.804,0.824,0.8140000000000001
426,2022-04-06,0.773,0.793,0.783
427,2022-04-05,0.756,0.796,0.776
428,2022-04-04,0.739,0.779,0.759
429,2022-04-01,0.724,0.744,0.734
430,2022-03-31,0.708,0.728,0.718
431,2022-03-30,0.656,0.706,0.681
432,2022-03-29,0.618,0.658,0.638
433,2022-03-28,0.676,0.696,0.6859999999999999
434,2022-03-25,0.645,0.695,0.6699999999999999
435,2022-03-24,0.644,0.684,0.664
436,2022-03-23,0.604,0.654,0.629
437,2022-03-22,0.613,0.653,0.633
438,2022-03-21,0.583,0.603,0.593
439,2022-03-18,0.545,0.565,0.5549999999999999
440,2022-03-17,0.534,0.574,0.554
441,2022-03-16,0.51,0.56,0.535
442,2022-03-15,0.558,0.598,0.5780000000000001
443,2022-03-14,0.529,0.549,0.539
444,2022-03-11,0.481,0.521,0.501
445,2022-03-10,0.477,0.497,0.487
446,2022-03-09,0.474,0.514,0.494
447,2022-03-08,0.436,0.456,0.446
448,2022-03-07,0.405,0.455,0.43000000000000005
449,2022-03-04,0.4,0.44,0.42000000000000004
450,2022-03-03,0.42,0.44,0.43
451,2022-03-02,0.4,0.42,0.41000000000000003
452,2022-03-01,0.354,0.374,0.364
453,2022-02-28,0.387,0.407,0.397
454,2022-02-25,0.414,0.454,0.434
455,2022-02-24,0.373,0.413,0.393
456,2022-02-23,0.417,0.437,0.427
457,2022-02-22,0.416,0.436,0.426
458,2022-02-21,0.36,0.4,0.38
459,2022-02-18,0.356,0.406,0.381
460,2022-02-17,0.385,0.405,0.395
461,2022-02-16,0.374,0.394,0.384
462,2022-02-15,0.391,0.411,0.401
463,2022-02-14,0.394,0.414,0.404
464,2022-02-11,0.377,0.397,0.387
465,2022-02-10,0.427,0.477,0.45199999999999996
466,2022-02-09,0.315,0.355,0.33499999999999996
467,2022-02-08,0.292,0.332,0.312
468,2022-02-07,0.269,0.319,0.29400000000000004
469,2022-02-04,0.289,0.339,0.314
470,2022-02-03,0.256,0.276,0.266
471,2022-02-02,0.222,0.242,0.23199999999999998
472,2022-02-01,0.208,0.258,0.23299999999999998
473,2022-01-31,0.224,0.244,0.23399999999999999
474,2022-01-28,0.211,0.251,0.23099999999999998
475,2022-01-27,0.221,0.241,0.23099999999999998
476,2022-01-26,0.209,0.249,0.22899999999999998
477,2022-01-25,0.181,0.231,0.20600000000000002
478,2022-01-24,0.168,0.218,0.193
479,2022-01-21,0.177,0.217,0.197
480,2022-01-20,0.196,0.216,0.20600000000000002
481,2022-01-19,0.169,0.219,0.194
482,2022-01-18,0.166,0.216,0.191
483,2022-01-17,0.175,0.195,0.185
484,2022-01-14,0.154,0.194,0.174
485,2022-01-13,0.142,0.192,0.16699999999999998
486,2022-01-12,0.146,0.166,0.156
487,2022-01-11,0.135,0.175,0.155
488,2022-01-10,0.147,0.167,0.157
489,2022-01-07,0.128,0.168,0.14800000000000002
490,2022-01-06,0.122,0.172,0.147
491,2022-01-05,0.119,0.159,0.139
492,2022-01-04,0.104,0.144,0.124
493,2022-01-03,0.112,0.132,0.122
494,2021-12-31,0.108,0.128,0.118
495,2021-12-30,0.106,0.126,0.11599999999999999
496,2021-12-29,0.087,0.137,0.112
497,2021-12-28,0.099,0.119,0.109
498,2021-12-27,0.098,0.118,0.108
499,2021-12-24,0.096,0.116,0.10600000000000001
500,2021-12-23,0.095,0.115,0.10500000000000001
501,2021-12-22,0.089,0.109,0.099
502,2021-12-21,0.089,0.109,0.099
503,2021-12-20,0.076,0.116,0.096
504,2021-12-17,0.086,0.106,0.096
505,2021-12-16,0.084,0.104,0.094
506,2021-12-15,0.081,0.101,0.091
507,2021-12-14,0.073,0.113,0.093
508,2021-12-13,0.082,0.102,0.092
509,2021-12-10,0.067,0.107,0.087
510,2021-12-09,0.075,0.095,0.08499999999999999
511,2021-12-08,0.062,0.112,0.087
512,2021-12-07,0.076,0.096,0.086
513,2021-12-06,0.073,0.093,0.08299999999999999
514,2021-12-03,0.056,0.106,0.081
515,2021-12-02,0.073,0.093,0.08299999999999999
516,2021-12-01,0.073,0.093,0.08299999999999999
517,2021-11-30,0.06,0.1,0.08
518,2021-11-29,0.069,0.089,0.079
519,2021-11-26,0.058,0.098,0.078
520,2021-11-25,0.073,0.093,0.08299999999999999
521,2021-11-24,0.063,0.103,0.08299999999999999
522,2021-11-23,0.06,0.11,0.08499999999999999
523,2021-11-22,0.064,0.104,0.08399999999999999
524,2021-11-19,0.063,0.103,0.08299999999999999
525,2021-11-18,0.061,0.101,0.081
526,2021-11-17,0.063,0.103,0.08299999999999999
527,2021-11-16,0.062,0.102,0.08199999999999999
528,2021-11-15,0.063,0.103,0.08299999999999999
529,2021-11-12,0.06,0.1,0.08
530,2021-11-11,0.056,0.106,0.081
531,2021-11-10,0.059,0.099,0.079
532,2021-11-09,0.067,0.087,0.077
533,2021-11-08,0.053,0.103,0.078
534,2021-11-05,0.053,0.103,0.078
535,2021-11-04,0.053,0.103,0.078
536,2021-11-03,0.059,0.099,0.079
537,2021-11-02,0.057,0.097,0.077
538,2021-11-01,0.051,0.101,0.076
539,2021-10-29,0.052,0.102,0.077
540,2021-10-28,0.052,0.102,0.077
541,2021-10-27,0.067,0.087,0.077
542,2021-10-26,0.05,0.1,0.07500000000000001
543,2021-10-25,0.065,0.085,0.07500000000000001
544,2021-10-22,0.056,0.096,0.076
545,2021-10-21,0.05,0.1,0.07500000000000001
546,2021-10-20,0.061,0.081,0.07100000000000001
547,2021-10-19,0.064,0.084,0.07400000000000001
548,2021-10-18,0.051,0.101,0.076
549,2021-10-15,0.05,0.1,0.07500000000000001
550,2021-10-14,0.056,0.096,0.076
551,2021-10-13,0.065,0.085,0.07500000000000001
552,2021-10-12,0.052,0.102,0.077
553,2021-10-11,0.065,0.085,0.07500000000000001
554,2021-10-08,0.057,0.097,0.077
555,2021-10-07,0.065,0.085,0.07500000000000001
556,2021-10-06,0.067,0.087,0.077
557,2021-10-05,0.067,0.087,0.077
558,2021-10-04,0.057,0.097,0.077
559,2021-10-01,0.067,0.087,0.077
560,2021-09-30,0.066,0.086,0.076
561,2021-09-29,0.07,0.09,0.08
562,2021-09-28,0.054,0.104,0.079
563,2021-09-27,0.056,0.106,0.081
564,2021-09-24,0.07,0.09,0.08
565,2021-09-23,0.07,0.09,0.08
566,2021-09-22,0.07,0.09,0.08
567,2021-09-21,0.06,0.1,0.08
568,2021-09-20,0.07,0.09,0.08
569,2021-09-17,0.07,0.09,0.08
570,2021-09-16,0.061,0.101,0.081
571,2021-09-15,0.06,0.1,0.08
572,2021-09-14,0.068,0.088,0.078
573,2021-09-13,0.051,0.101,0.076
574,2021-09-10,0.066,0.086,0.076
575,2021-09-09,0.049,0.099,0.07400000000000001
576,2021-09-08,0.049,0.099,0.07400000000000001
577,2021-09-07,0.055,0.095,0.075
578,2021-09-06,0.065,0.085,0.07500000000000001
579,2021-09-03,0.063,0.083,0.07300000000000001
580,2021-09-02,0.057,0.097,0.077
581,2021-09-01,0.057,0.097,0.077
582,2021-08-31,0.067,0.087,0.077
583,2021-08-30,0.067,0.087,0.077
584,2021-08-27,0.055,0.105,0.08
585,2021-08-26,0.066,0.106,0.086
586,2021-08-25,0.067,0.107,0.087
587,2021-08-24,0.062,0.112,0.087
588,2021-08-23,0.062,0.112,0.087
589,2021-08-20,0.062,0.112,0.087
590,2021-08-19,0.077,0.097,0.087
591,2021-08-18,0.071,0.111,0.091
592,2021-08-17,0.067,0.117,0.092
593,2021-08-16,0.068,0.118,0.093
594,2021-08-13,0.067,0.117,0.092
595,2021-08-12,0.067,0.117,0.092
596,2021-08-11,0.071,0.111,0.091
597,2021-08-10,0.082,0.102,0.092
598,2021-08-09,0.066,0.116,0.091
599,2021-08-06,0.082,0.102,0.092
600,2021-08-05,0.082,0.102,0.092
601,2021-08-04,0.068,0.108,0.088
602,2021-08-03,0.064,0.114,0.089
603,2021-08-02,0.064,0.114,0.089
604,2021-07-30,0.078,0.098,0.088
605,2021-07-29,0.079,0.099,0.089
606,2021-07-28,0.065,0.115,0.09
607,2021-07-27,0.065,0.115,0.09
608,2021-07-26,0.081,0.101,0.091
609,2021-07-23,0.08,0.1,0.09
610,2021-07-22,0.08,0.1,0.09
611,2021-07-21,0.08,0.1,0.09
612,2021-07-20,0.08,0.1,0.09
613,2021-07-19,0.065,0.115,0.09
614,2021-07-16,0.08,0.1,0.09
615,2021-07-15,0.078,0.098,0.088
616,2021-07-14,0.065,0.115,0.09
617,2021-07-13,0.071,0.111,0.091
618,2021-07-12,0.082,0.102,0.092
619,2021-07-09,0.082,0.102,0.092
620,2021-07-08,0.082,0.102,0.092
621,2021-07-07,0.067,0.117,0.092
622,2021-07-06,0.083,0.103,0.093
623,2021-07-05,0.068,0.118,0.093
624,2021-07-02,0.074,0.114,0.094
625,2021-07-01,0.073,0.113,0.093
626,2021-06-30,0.083,0.103,0.093
627,2021-06-29,0.073,0.113,0.093
628,2021-06-28,0.069,0.119,0.094
629,2021-06-25,0.074,0.114,0.094
630,2021-06-24,0.083,0.103,0.093
631,2021-06-23,0.068,0.118,0.093
632,2021-06-22,0.073,0.113,0.093
633,2021-06-21,0.087,0.107,0.097
634,2021-06-18,0.085,0.105,0.095
635,2021-06-17,0.07,0.12,0.095
636,2021-06-16,0.08,0.12,0.1
637,2021-06-15,0.065,0.105,0.08499999999999999
638,2021-06-14,0.073,0.093,0.08299999999999999
639,2021-06-11,0.049,0.099,0.07400000000000001
640,2021-06-10,0.064,0.084,0.07400000000000001
641,2021-06-09,0.048,0.098,0.07300000000000001
642,2021-06-08,0.053,0.103,0.078
643,2021-06-07,0.057,0.097,0.077
644,2021-06-04,0.059,0.099,0.079
645,2021-06-03,0.054,0.104,0.079
646,2021-06-02,0.067,0.087,0.077
647,2021-06-01,0.067,0.087,0.077
648,2021-05-28,0.068,0.088,0.078
649,2021-05-27,0.058,0.098,0.078
650,2021-05-26,0.039,0.079,0.059
651,2021-05-25,0.064,0.084,0.07400000000000001
652,2021-05-24,0.056,0.096,0.076
653,2021-05-21,0.066,0.086,0.076
654,2021-05-20,0.065,0.085,0.07500000000000001
655,2021-05-19,0.058,0.098,0.078
656,2021-05-18,0.048,0.098,0.07300000000000001
657,2021-05-17,0.053,0.093,0.073
658,2021-05-14,0.065,0.085,0.07500000000000001
659,2021-05-13,0.065,0.085,0.07500000000000001
660,2021-05-12,0.05,0.1,0.07500000000000001
661,2021-05-11,0.066,0.086,0.076
662,2021-05-10,0.055,0.095,0.075
663,2021-05-07,0.056,0.096,0.076
664,2021-05-06,0.054,0.104,0.079
665,2021-05-05,0.055,0.105,0.08
666,2021-05-04,0.072,0.092,0.08199999999999999
667,2021-05-03,0.077,0.097,0.087
668,2021-04-30,0.056,0.106,0.081
669,2021-04-29,0.056,0.106,0.081
670,2021-04-28,0.052,0.102,0.077
671,2021-04-27,0.065,0.105,0.08499999999999999
672,2021-04-26,0.065,0.105,0.08499999999999999
673,2021-04-23,0.076,0.096,0.086
674,2021-04-22,0.061,0.111,0.086
675,2021-04-21,0.066,0.106,0.086
676,2021-04-20,0.061,0.111,0.086
677,2021-04-19,0.076,0.096,0.086
678,2021-04-16,0.076,0.096,0.086
679,2021-04-15,0.074,0.094,0.08399999999999999
680,2021-04-14,0.057,0.097,0.077
681,2021-04-13,0.066,0.086,0.076
682,2021-04-12,0.051,0.101,0.076
683,2021-04-09,0.066,0.086,0.076
684,2021-04-08,0.049,0.099,0.07400000000000001
685,2021-04-07,0.054,0.094,0.074
686,2021-04-06,0.043,0.093,0.068
687,2021-04-05,0.049,0.089,0.069
688,2021-04-02,0.043,0.093,0.068
689,2021-04-01,0.058,0.078,0.068
690,2021-03-31,0.042,0.092,0.067
691,2021-03-30,0.047,0.087,0.067
692,2021-03-29,0.043,0.093,0.068
693,2021-03-26,0.046,0.086,0.066
694,2021-03-25,0.042,0.092,0.067
695,2021-03-24,0.058,0.078,0.068
696,2021-03-23,0.058,0.078,0.068
697,2021-03-22,0.054,0.074,0.064
698,2021-03-19,0.047,0.087,0.067
699,2021-03-18,0.06,0.08,0.07
700,2021-03-17,0.053,0.093,0.073
701,2021-03-16,0.05,0.1,0.07500000000000001
702,2021-03-15,0.062,0.082,0.07200000000000001
703,2021-03-12,0.062,0.082,0.07200000000000001
704,2021-03-11,0.052,0.092,0.072
705,2021-03-10,0.064,0.084,0.07400000000000001
706,2021-03-09,0.047,0.097,0.07200000000000001
707,2021-03-08,0.062,0.082,0.07200000000000001
708,2021-03-05,0.067,0.087,0.077
709,2021-03-04,0.067,0.087,0.077
710,2021-03-03,0.056,0.096,0.076
711,2021-03-02,0.06,0.1,0.08
712,2021-03-01,0.058,0.098,0.078
713,2021-02-26,0.067,0.087,0.077
714,2021-02-25,0.07,0.09,0.08
715,2021-02-24,0.049,0.099,0.07400000000000001
716,2021-02-23,0.055,0.095,0.075
717,2021-02-22,0.063,0.083,0.07300000000000001
718,2021-02-19,0.062,0.082,0.07200000000000001
719,2021-02-18,0.062,0.082,0.07200000000000001
720,2021-02-17,0.047,0.097,0.07200000000000001
721,2021-02-16,0.061,0.081,0.07100000000000001
722,2021-02-12,0.051,0.091,0.071
723,2021-02-11,0.052,0.092,0.072
724,2021-02-10,0.052,0.092,0.072
725,2021-02-09,0.046,0.096,0.07100000000000001
726,2021-02-08,0.051,0.091,0.071
727,2021-02-05,0.045,0.085,0.065
728,2021-02-04,0.053,0.073,0.063
729,2021-02-03,0.055,0.075,0.065
730,2021-02-02,0.042,0.092,0.067
731,2021-02-01,0.04,0.09,0.065
732,2021-01-29,0.038,0.088,0.063
733,2021-01-28,0.06,0.08,0.07
734,2021-01-27,0.061,0.081,0.07100000000000001
735,2021-01-26,0.062,0.082,0.07200000000000001
736,2021-01-25,0.051,0.101,0.076
737,2021-01-22,0.056,0.096,0.076
738,2021-01-21,0.051,0.101,0.076
739,2021-01-20,0.052,0.102,0.077
740,2021-01-19,0.053,0.103,0.078
741,2021-01-15,0.053,0.103,0.078
742,2021-01-14,0.058,0.098,0.078
743,2021-01-13,0.058,0.098,0.078
744,2021-01-12,0.069,0.089,0.079
745,2021-01-11,0.07,0.09,0.08
746,2021-01-08,0.058,0.098,0.078
747,2021-01-07,0.07,0.09,0.08
748,2021-01-06,0.054,0.104,0.079
749,2021-01-05,0.069,0.089,0.079
750,2021-01-04,0.054,0.104,0.079
751,2020-12-31,0.069,0.089,0.079
752,2020-12-30,0.058,0.098,0.078
753,2020-12-29,0.034,0.074,0.054
754,2020-12-28,0.055,0.105,0.08
755,2020-12-24,0.055,0.105,0.08
756,2020-12-23,0.072,0.092,0.08199999999999999
757,2020-12-22,0.066,0.106,0.086
758,2020-12-21,0.076,0.096,0.086
759,2020-12-18,0.077,0.097,0.087
760,2020-12-17,0.077,0.097,0.087
761,2020-12-16,0.062,0.112,0.087
762,2020-12-15,0.062,0.102,0.08199999999999999
763,2020-12-14,0.06,0.1,0.08
764,2020-12-11,0.067,0.087,0.077
765,2020-12-10,0.07,0.09,0.08
766,2020-12-09,0.071,0.091,0.08099999999999999
767,2020-12-08,0.056,0.106,0.081
768,2020-12-07,0.06,0.1,0.08
769,2020-12-04,0.061,0.101,0.081
770,2020-12-03,0.073,0.093,0.08299999999999999
771,2020-12-02,0.063,0.103,0.08299999999999999
772,2020-12-01,0.055,0.105,0.08
773,2020-11-30,0.059,0.099,0.079
774,2020-11-27,0.058,0.098,0.078
775,2020-11-25,0.06,0.1,0.08
776,2020-11-24,0.056,0.096,0.076
777,2020-11-23,0.056,0.096,0.076
778,2020-11-20,0.064,0.084,0.07400000000000001
779,2020-11-19,0.06,0.1,0.08
780,2020-11-18,0.058,0.108,0.083
781,2020-11-17,0.062,0.102,0.08199999999999999
782,2020-11-16,0.058,0.108,0.083
783,2020-11-13,0.064,0.104,0.08399999999999999
784,2020-11-12,0.063,0.103,0.08299999999999999
785,2020-11-11,0.06,0.11,0.08499999999999999
786,2020-11-10,0.064,0.104,0.08399999999999999
787,2020-11-09,0.059,0.109,0.08399999999999999
788,2020-11-06,0.073,0.093,0.08299999999999999
789,2020-11-05,0.057,0.107,0.082
790,2020-11-04,0.055,0.105,0.08
791,2020-11-03,0.055,0.105,0.08
792,2020-11-02,0.07,0.09,0.08
793,2020-10-30,0.07,0.09,0.08
794,2020-10-29,0.055,0.105,0.08
795,2020-10-28,0.056,0.106,0.081
796,2020-10-27,0.07,0.09,0.08
797,2020-10-26,0.07,0.09,0.08
798,2020-10-23,0.074,0.094,0.08399999999999999
799,2020-10-22,0.073,0.093,0.08299999999999999
800,2020-10-21,0.062,0.102,0.08199999999999999
801,2020-10-20,0.072,0.092,0.08199999999999999
802,2020-10-19,0.056,0.106,0.081
803,2020-10-16,0.061,0.101,0.081
804,2020-10-15,0.063,0.103,0.08299999999999999
805,2020-10-14,0.071,0.091,0.08099999999999999
806,2020-10-13,0.057,0.107,0.082
807,2020-10-12,0.072,0.092,0.08199999999999999
808,2020-10-09,0.072,0.092,0.08199999999999999
809,2020-10-08,0.072,0.092,0.08199999999999999
810,2020-10-07,0.06,0.1,0.08
811,2020-10-06,0.054,0.104,0.079
812,2020-10-05,0.059,0.099,0.079
813,2020-10-02,0.059,0.099,0.079
814,2020-10-01,0.058,0.098,0.078
815,2020-09-30,0.053,0.103,0.078
816,2020-09-29,0.068,0.088,0.078
817,2020-09-28,0.031,0.071,0.051
818,2020-09-25,0.057,0.097,0.077
819,2020-09-24,0.069,0.089,0.079
820,2020-09-23,0.059,0.099,0.079
821,2020-09-22,0.059,0.099,0.079
822,2020-09-21,0.056,0.106,0.081
823,2020-09-18,0.072,0.092,0.08199999999999999
824,2020-09-17,0.056,0.106,0.081
825,2020-09-16,0.058,0.108,0.083
826,2020-09-15,0.073,0.093,0.08299999999999999
827,2020-09-14,0.061,0.101,0.081
828,2020-09-11,0.071,0.091,0.08099999999999999
829,2020-09-10,0.058,0.108,0.083
830,2020-09-09,0.07,0.09,0.08
831,2020-09-08,0.069,0.089,0.079
832,2020-09-04,0.066,0.086,0.076
833,2020-09-03,0.048,0.098,0.07300000000000001
834,2020-09-02,0.063,0.083,0.07300000000000001
835,2020-09-01,0.052,0.092,0.072
836,2020-08-31,0.066,0.086,0.076
837,2020-08-28,0.046,0.096,0.07100000000000001
838,2020-08-27,0.026,0.066,0.046
839,2020-08-26,0.065,0.085,0.07500000000000001
840,2020-08-25,0.054,0.094,0.074
841,2020-08-24,0.046,0.096,0.07100000000000001
842,2020-08-21,0.044,0.094,0.069
843,2020-08-20,0.064,0.084,0.07400000000000001
844,2020-08-19,0.065,0.085,0.07500000000000001
845,2020-08-18,0.055,0.105,0.08
846,2020-08-17,0.057,0.107,0.082
847,2020-08-14,0.071,0.091,0.08099999999999999
848,2020-08-13,0.068,0.088,0.078
849,2020-08-12,0.068,0.088,0.078
850,2020-08-11,0.055,0.095,0.075
851,2020-08-10,0.048,0.098,0.07300000000000001
852,2020-08-07,0.053,0.093,0.073
853,2020-08-06,0.052,0.092,0.072
854,2020-08-05,0.053,0.093,0.073
855,2020-08-04,0.048,0.098,0.07300000000000001
856,2020-08-03,0.063,0.083,0.07300000000000001
857,2020-07-31,0.059,0.079,0.069
858,2020-07-30,0.048,0.088,0.068
859,2020-07-29,0.025,0.065,0.045
860,2020-07-28,0.045,0.095,0.07
861,2020-07-27,0.043,0.093,0.068
862,2020-07-24,0.06,0.08,0.07
863,2020-07-23,0.046,0.096,0.07100000000000001
864,2020-07-22,0.065,0.085,0.07500000000000001
865,2020-07-21,0.05,0.1,0.07500000000000001
866,2020-07-20,0.064,0.084,0.07400000000000001
867,2020-07-17,0.052,0.092,0.072
868,2020-07-16,0.061,0.081,0.07100000000000001
869,2020-07-15,0.049,0.099,0.07400000000000001
870,2020-07-14,0.065,0.085,0.07500000000000001
871,2020-07-13,0.054,0.094,0.074
872,2020-07-10,0.052,0.092,0.072
873,2020-07-09,0.049,0.089,0.069
874,2020-07-08,0.06,0.08,0.07
875,2020-07-07,0.048,0.098,0.07300000000000001
876,2020-07-06,0.052,0.092,0.072
877,2020-07-02,0.05,0.09,0.07
878,2020-07-01,0.041,0.091,0.066
879,2020-06-30,0.04,0.09,0.065
880,2020-06-29,0.055,0.075,0.065
881,2020-06-26,0.057,0.077,0.067
882,2020-06-25,0.06,0.08,0.07
883,2020-06-24,0.061,0.081,0.07100000000000001
884,2020-06-23,0.051,0.091,0.071
885,2020-06-22,0.052,0.092,0.072
886,2020-06-19,0.056,0.096,0.076
887,2020-06-18,0.05,0.1,0.07500000000000001
888,2020-06-17,0.056,0.106,0.081
889,2020-06-16,0.08,0.1,0.09
890,2020-06-15,0.084,0.104,0.094
891,2020-06-12,0.061,0.111,0.086
892,2020-06-11,0.074,0.114,0.094
893,2020-06-10,0.053,0.093,0.073
894,2020-06-09,0.057,0.097,0.077
895,2020-06-08,0.056,0.096,0.076
896,2020-06-05,0.046,0.086,0.066
897,2020-06-04,0.055,0.075,0.065
898,2020-06-03,0.033,0.083,0.058
899,2020-06-02,0.029,0.079,0.054
900,2020-06-01,0.027,0.077,0.052
901,2020-05-29,0.026,0.076,0.051
902,2020-05-28,0.035,0.075,0.055
903,2020-05-27,0.029,0.079,0.054
904,2020-05-26,0.042,0.062,0.052000000000000005
905,2020-05-22,0.025,0.075,0.05
906,2020-05-21,0.031,0.071,0.051
907,2020-05-20,0.028,0.078,0.053
908,2020-05-19,0.037,0.087,0.062
909,2020-05-18,0.042,0.082,0.062
910,2020-05-15,0.035,0.075,0.055
911,2020-05-14,0.042,0.062,0.052000000000000005
912,2020-05-13,0.026,0.076,0.051
913,2020-05-12,0.041,0.061,0.051000000000000004
914,2020-05-11,0.031,0.071,0.051
915,2020-05-08,0.029,0.069,0.049
916,2020-05-07,0.02,0.07,0.045000000000000005
917,2020-05-06,0.034,0.054,0.044
918,2020-05-05,0.035,0.055,0.045
919,2020-05-04,0.033,0.053,0.043
920,2020-05-01,0.02,0.07,0.045000000000000005
921,2020-04-30,0.035,0.055,0.045
922,2020-04-29,0.027,0.067,0.047
923,2020-04-28,0.038,0.078,0.057999999999999996
924,2020-04-27,0.055,0.095,0.075
925,2020-04-24,0.065,0.085,0.07500000000000001
926,2020-04-23,0.058,0.098,0.078
927,2020-04-22,0.065,0.085,0.07500000000000001
928,2020-04-21,0.064,0.084,0.07400000000000001
929,2020-04-20,0.063,0.083,0.07300000000000001
930,2020-04-17,0.051,0.101,0.076
931,2020-04-16,0.066,0.086,0.076
932,2020-04-15,0.052,0.102,0.077
933,2020-04-14,0.06,0.1,0.08
934,2020-04-13,0.057,0.107,0.082
935,2020-04-10,0.067,0.088,0.0775
936,2020-04-09,0.067,0.087,0.077
937,2020-04-08,0.058,0.098,0.078
938,2020-04-07,0.069,0.089,0.079
939,2020-04-06,0.069,0.089,0.079
940,2020-04-03,0.061,0.081,0.07100000000000001
941,2020-04-02,0.051,0.091,0.071
942,2020-04-01,0.047,0.087,0.067
943,2020-03-31,0.048,0.088,0.068
944,2020-03-30,0.046,0.096,0.07100000000000001
945,2020-03-27,0.058,0.078,0.068
946,2020-03-26,0.05,0.09,0.07
947,2020-03-25,0.087,0.107,0.097
948,2020-03-24,0.076,0.126,0.101
949,2020-03-23,0.075,0.125,0.1
950,2020-03-20,0.104,0.124,0.11399999999999999
951,2020-03-19,0.13,0.15,0.14
952,2020-03-18,0.097,0.137,0.117
953,2020-03-17,0.116,0.156,0.136
954,2020-03-16,0.096,0.146,0.121
955,2020-03-13,0.157,0.177,0.16699999999999998
956,2020-03-12,0.113,0.153,0.133
957,2020-03-11,0.211,0.251,0.23099999999999998
958,2020-03-10,0.405,0.425,0.41500000000000004
959,2020-03-09,0.307,0.347,0.32699999999999996
960,2020-03-06,0.505,0.545,0.525
961,2020-03-05,0.601,0.641,0.621
962,2020-03-04,0.763,0.813,0.788
963,2020-03-03,0.783,0.803,0.793
964,2020-03-02,1.106,1.156,1.131
965,2020-02-28,1.236,1.256,1.246
966,2020-02-27,1.353,1.393,1.373
967,2020-02-26,1.474,1.494,1.484
968,2020-02-25,1.499,1.519,1.509
969,2020-02-24,1.496,1.546,1.521
970,2020-02-21,1.534,1.574,1.554
971,2020-02-20,1.549,1.569,1.559
972,2020-02-19,1.543,1.583,1.563
973,2020-02-18,1.531,1.581,1.556
974,2020-02-14,1.536,1.586,1.561
975,2020-02-13,1.554,1.574,1.564
976,2020-02-12,1.549,1.589,1.569
977,2020-02-11,1.542,1.592,1.5670000000000002
978,2020-02-10,1.542,1.582,1.562
979,2020-02-07,1.559,1.579,1.569
980,2020-02-06,1.55,1.6,1.5750000000000002
981,2020-02-05,1.568,1.588,1.578
982,2020-02-04,1.555,1.595,1.575
983,2020-02-03,1.547,1.587,1.567
984,2020-01-31,1.529,1.579,1.5539999999999998
985,2020-01-30,1.552,1.602,1.577
986,2020-01-29,1.574,1.594,1.584
987,2020-01-28,1.548,1.598,1.573
988,2020-01-27,1.552,1.572,1.562
989,2020-01-24,1.551,1.601,1.576
990,2020-01-23,1.566,1.586,1.576
991,2020-01-22,1.557,1.597,1.577
992,2020-01-21,1.556,1.596,1.576
993,2020-01-17,1.555,1.605,1.58
994,2020-01-16,1.559,1.599,1.579
995,2020-01-15,1.559,1.599,1.579
996,2020-01-14,1.566,1.586,1.576
997,2020-01-13,1.566,1.586,1.576
998,2020-01-10,1.558,1.578,1.568
999,2020-01-09,1.558,1.578,1.568
1000,2020-01-08,1.56,1.58,1.57
1001,2020-01-07,1.558,1.578,1.568
1002,2020-01-06,1.544,1.584,1.564
1003,2020-01-03,1.555,1.575,1.565
1004,2020-01-02,1.539,1.579,1.559
1005,2019-12-31,1.538,1.588,1.5630000000000002
1006,2019-12-30,1.554,1.574,1.564
1007,2019-12-27,1.544,1.584,1.564
1008,2019-12-26,1.547,1.587,1.567
1009,2019-12-24,1.56,1.58,1.57
1010,2019-12-23,1.543,1.593,1.568
1011,2019-12-20,1.545,1.585,1.565
1012,2019-12-19,1.544,1.584,1.564
1013,2019-12-18,1.542,1.582,1.562
1014,2019-12-17,1.553,1.573,1.563
1015,2019-12-16,1.543,1.583,1.563
1016,2019-12-13,1.538,1.578,1.558
1017,2019-12-12,1.532,1.582,1.557
1018,2019-12-11,1.537,1.577,1.557
1019,2019-12-10,1.534,1.574,1.554
1020,2019-12-09,1.542,1.562,1.552
1021,2019-12-06,1.541,1.561,1.551
1022,2019-12-05,1.523,1.573,1.548
1023,2019-12-04,1.537,1.557,1.547
1024,2019-12-03,1.53,1.57,1.55
1025,2019-12-02,1.547,1.567,1.557
1026,2019-11-29,1.546,1.566,1.556
1027,2019-11-27,1.55,1.57,1.56
1028,2019-11-26,1.546,1.566,1.556
1029,2019-11-25,1.531,1.581,1.556
1030,2019-11-22,1.529,1.569,1.549
1031,2019-11-21,1.541,1.561,1.551
1032,2019-11-20,1.534,1.554,1.544
1033,2019-11-19,1.533,1.553,1.543
1034,2019-11-18,1.518,1.568,1.5430000000000001
1035,2019-11-15,1.535,1.555,1.545
1036,2019-11-14,1.516,1.566,1.541
1037,2019-11-13,1.52,1.57,1.545
1038,2019-11-12,1.543,1.563,1.553
1039,2019-11-11,1.529,1.579,1.5539999999999998
1040,2019-11-08,1.53,1.58,1.5550000000000002
1041,2019-11-07,1.532,1.572,1.552
1042,2019-11-06,1.529,1.579,1.5539999999999998
1043,2019-11-05,1.535,1.585,1.56
1044,2019-11-04,1.533,1.583,1.5579999999999998
1045,2019-11-01,1.532,1.582,1.557
1046,2019-10-31,1.531,1.551,1.541
1047,2019-10-30,1.544,1.564,1.554
1048,2019-10-29,1.557,1.577,1.567
1049,2019-10-28,1.572,1.592,1.582
1050,2019-10-25,1.576,1.596,1.586
1051,2019-10-24,1.558,1.598,1.578
1052,2019-10-23,1.56,1.6,1.58
1053,2019-10-22,1.586,1.606,1.596
1054,2019-10-21,1.579,1.619,1.599
1055,2019-10-18,1.596,1.616,1.606
1056,2019-10-17,1.603,1.653,1.6280000000000001
1057,2019-10-16,1.605,1.655,1.63
1058,2019-10-15,1.645,1.665,1.655
1059,2019-10-14,1.639,1.659,1.649
1060,2019-10-11,1.636,1.656,1.646
1061,2019-10-10,1.623,1.643,1.633
1062,2019-10-09,1.623,1.643,1.633
1063,2019-10-08,1.634,1.654,1.644
1064,2019-10-07,1.654,1.674,1.664
1065,2019-10-04,1.656,1.676,1.666
1066,2019-10-03,1.642,1.662,1.652
1067,2019-10-02,1.682,1.702,1.692
1068,2019-10-01,1.709,1.729,1.719
1069,2019-09-30,1.753,1.773,1.763
1070,2019-09-27,1.752,1.772,1.762
1071,2019-09-26,1.767,1.787,1.777
1072,2019-09-25,1.78,1.8,1.79
1073,2019-09-24,1.769,1.789,1.779
1074,2019-09-23,1.772,1.792,1.782
1075,2019-09-20,1.782,1.802,1.792
1076,2019-09-19,1.802,1.822,1.812
1077,2019-09-18,1.833,1.853,1.843
1078,2019-09-17,1.839,1.859,1.849
1079,2019-09-16,1.837,1.857,1.847
1080,2019-09-13,1.838,1.858,1.848
1081,2019-09-12,1.818,1.838,1.828
1082,2019-09-11,1.822,1.842,1.832
1083,2019-09-10,1.825,1.845,1.835
1084,2019-09-09,1.818,1.838,1.828
1085,2019-09-06,1.818,1.838,1.828
1086,2019-09-05,1.817,1.837,1.827
1087,2019-09-04,1.79,1.81,1.8
1088,2019-09-03,1.816,1.836,1.826
1089,2019-08-30,1.842,1.862,1.852
1090,2019-08-29,1.843,1.863,1.853
1091,2019-08-28,1.856,1.876,1.866
1092,2019-08-27,1.862,1.882,1.8719999999999999
1093,2019-08-26,1.866,1.886,1.876
1094,2019-08-23,1.844,1.864,1.854
1095,2019-08-22,1.889,1.909,1.899
1096,2019-08-21,1.883,1.903,1.893
1097,2019-08-20,1.871,1.891,1.881
1098,2019-08-19,1.879,1.899,1.889
1099,2019-08-16,1.861,1.881,1.871
1100,2019-08-15,1.826,1.846,1.836
1101,2019-08-14,1.873,1.893,1.883
1102,2019-08-13,1.924,1.944,1.934
1103,2019-08-12,1.891,1.911,1.901
1104,2019-08-09,1.913,1.933,1.923
1105,2019-08-08,1.918,1.938,1.928
1106,2019-08-07,1.9,1.92,1.91
1107,2019-08-06,1.938,1.958,1.948
1108,2019-08-05,1.927,1.947,1.937
1109,2019-08-02,1.99,2.01,2.0
1110,2019-08-01,2.022,2.042,2.032
1111,2019-07-31,2.067,2.087,2.077
1112,2019-07-30,2.026,2.046,2.0359999999999996
1113,2019-07-29,2.022,2.042,2.032
1114,2019-07-26,2.041,2.061,2.051
1115,2019-07-25,2.041,2.061,2.051
1116,2019-07-24,2.04,2.06,2.05
1117,2019-07-23,2.058,2.078,2.0679999999999996
1118,2019-07-22,2.054,2.074,2.064
1119,2019-07-19,2.053,2.073,2.0629999999999997
1120,2019-07-18,1.977,1.997,1.987
1121,2019-07-17,2.047,2.067,2.0570000000000004
1122,2019-07-16,2.067,2.087,2.077
1123,2019-07-15,2.069,2.089,2.0789999999999997
1124,2019-07-12,2.089,2.109,2.099
1125,2019-07-11,2.104,2.124,2.114
1126,2019-07-10,2.098,2.118,2.1079999999999997
1127,2019-07-09,2.156,2.176,2.1660000000000004
1128,2019-07-08,2.148,2.168,2.1580000000000004
1129,2019-07-05,2.151,2.171,2.1609999999999996
1130,2019-07-03,2.106,2.126,2.1159999999999997
1131,2019-07-02,2.122,2.142,2.1319999999999997
1132,2019-07-01,2.145,2.165,2.1550000000000002
1133,2019-06-28,2.118,2.138,2.128
1134,2019-06-27,2.126,2.146,2.136
1135,2019-06-26,2.148,2.168,2.1580000000000004
1136,2019-06-25,2.151,2.171,2.1609999999999996
1137,2019-06-24,2.137,2.157,2.1470000000000002
1138,2019-06-21,2.157,2.177,2.167
1139,2019-06-20,2.159,2.179,2.1689999999999996
1140,2019-06-19,2.177,2.197,2.1870000000000003
1141,2019-06-18,2.211,2.231,2.221
1142,2019-06-17,2.224,2.244,2.234
1143,2019-06-14,2.219,2.239,2.229
1144,2019-06-13,2.209,2.229,2.2190000000000003
1145,2019-06-12,2.235,2.255,2.245
1146,2019-06-11,2.258,2.278,2.268
1147,2019-06-10,2.249,2.269,2.2590000000000003
1148,2019-06-07,2.23,2.25,2.24
1149,2019-06-06,2.276,2.296,2.2859999999999996
1150,2019-06-05,2.27,2.29,2.2800000000000002
1151,2019-06-04,2.289,2.309,2.2990000000000004
1152,2019-06-03,2.274,2.294,2.284
1153,2019-05-31,2.317,2.337,2.327
1154,2019-05-30,2.355,2.375,2.365
1155,2019-05-29,2.361,2.381,2.371
1156,2019-05-28,2.362,2.382,2.372
1157,2019-05-24,2.366,2.386,2.3760000000000003
1158,2019-05-23,2.358,2.378,2.3680000000000003
1159,2019-05-22,2.37,2.39,2.38
1160,2019-05-21,2.371,2.391,2.3810000000000002
1161,2019-05-20,2.362,2.382,2.372
1162,2019-05-17,2.357,2.377,2.367
1163,2019-05-16,2.359,2.379,2.3689999999999998
1164,2019-05-15,2.349,2.369,2.359
1165,2019-05-14,2.346,2.366,2.356
1166,2019-05-13,2.345,2.365,2.3550000000000004
1167,2019-05-10,2.36,2.38,2.37
1168,2019-05-09,2.363,2.383,2.373
1169,2019-05-08,2.373,2.393,2.383
1170,2019-05-07,2.371,2.391,2.3810000000000002
1171,2019-05-06,2.378,2.398,2.388
1172,2019-05-03,2.386,2.406,2.396
1173,2019-05-02,2.389,2.409,2.399
1174,2019-05-01,2.381,2.401,2.391
1175,2019-04-30,2.391,2.411,2.401
1176,2019-04-29,2.394,2.414,2.404
1177,2019-04-26,2.394,2.414,2.404
1178,2019-04-25,2.397,2.417,2.407
1179,2019-04-24,2.389,2.409,2.399
1180,2019-04-23,2.4,2.42,2.41
1181,2019-04-22,2.406,2.426,2.4160000000000004
1182,2019-04-19,2.405,2.425,2.415
1183,2019-04-18,2.407,2.427,2.417
1184,2019-04-17,2.406,2.426,2.4160000000000004
1185,2019-04-16,2.399,2.419,2.409
1186,2019-04-15,2.399,2.419,2.409
1187,2019-04-12,2.4,2.42,2.41
1188,2019-04-11,2.396,2.416,2.4059999999999997
1189,2019-04-10,2.392,2.412,2.402
1190,2019-04-09,2.392,2.412,2.402
1191,2019-04-08,2.395,2.415,2.4050000000000002
1192,2019-04-05,2.393,2.413,2.4029999999999996
1193,2019-04-04,2.393,2.413,2.4029999999999996
1194,2019-04-03,2.394,2.414,2.404
1195,2019-04-02,2.39,2.41,2.4000000000000004
1196,2019-04-01,2.392,2.412,2.402
1197,2019-03-29,2.386,2.406,2.396
1198,2019-03-28,2.382,2.402,2.3920000000000003
1199,2019-03-27,2.38,2.4,2.3899999999999997
1200,2019-03-26,2.39,2.41,2.4000000000000004
1201,2019-03-25,2.388,2.408,2.3979999999999997
1202,2019-03-22,2.396,2.416,2.4059999999999997
1203,2019-03-21,2.402,2.422,2.412
1204,2019-03-20,2.395,2.415,2.4050000000000002
1205,2019-03-19,2.395,2.415,2.4050000000000002
1206,2019-03-18,2.4,2.42,2.41
1207,2019-03-15,2.392,2.412,2.402
1208,2019-03-14,2.395,2.415,2.4050000000000002
1209,2019-03-13,2.395,2.415,2.4050000000000002
1210,2019-03-12,2.395,2.415,2.4050000000000002
1211,2019-03-11,2.397,2.417,2.407
1212,2019-03-08,2.395,2.415,2.4050000000000002
1213,2019-03-07,2.394,2.414,2.404
1214,2019-03-06,2.399,2.419,2.409
1215,2019-03-05,2.401,2.421,2.4109999999999996
1216,2019-03-04,2.401,2.421,2.4109999999999996
1217,2019-03-01,2.402,2.422,2.412
1218,2019-02-28,2.399,2.419,2.409
1219,2019-02-27,2.398,2.418,2.4080000000000004
1220,2019-02-26,2.399,2.419,2.409
1221,2019-02-25,2.398,2.418,2.4080000000000004
1222,2019-02-22,2.397,2.417,2.407
1223,2019-02-21,2.397,2.417,2.407
1224,2019-02-20,2.393,2.413,2.4029999999999996
1225,2019-02-19,2.393,2.413,2.4029999999999996
1226,2019-02-15,2.395,2.415,2.4050000000000002
1227,2019-02-14,2.393,2.413,2.4029999999999996
1228,2019-02-13,2.396,2.416,2.4059999999999997
1229,2019-02-12,2.394,2.414,2.404
1230,2019-02-11,2.394,2.414,2.404
1231,2019-02-08,2.392,2.412,2.402
1232,2019-02-07,2.4,2.42,2.41
1233,2019-02-06,2.4,2.42,2.41
1234,2019-02-05,2.395,2.415,2.4050000000000002
1235,2019-02-04,2.397,2.417,2.407
1236,2019-02-01,2.396,2.416,2.4059999999999997
1237,2019-01-31,2.396,2.416,2.4059999999999997
1238,2019-01-30,2.4,2.42,2.41
1239,2019-01-29,2.401,2.421,2.4109999999999996
1240,2019-01-28,2.401,2.421,2.4109999999999996
1241,2019-01-25,2.405,2.425,2.415
1242,2019-01-24,2.403,2.423,2.4130000000000003
1243,2019-01-23,2.404,2.424,2.4139999999999997
1244,2019-01-22,2.399,2.419,2.409
1245,2019-01-18,2.401,2.421,2.4109999999999996
1246,2019-01-17,2.398,2.418,2.4080000000000004
1247,2019-01-16,2.396,2.416,2.4059999999999997
1248,2019-01-15,2.397,2.417,2.407
1249,2019-01-14,2.399,2.419,2.409
1250,2019-01-11,2.4,2.42,2.41
1251,2019-01-10,2.403,2.423,2.4130000000000003
1252,2019-01-09,2.4,2.42,2.41
1253,2019-01-08,2.405,2.425,2.415
1254,2019-01-07,2.397,2.417,2.407
1255,2019-01-04,2.394,2.414,2.404
1256,2019-01-03,2.383,2.403,2.393
1257,2019-01-02,2.395,2.415,2.4050000000000002
1258,2018-12-31,2.397,2.417,2.407
1259,2018-12-28,2.399,2.419,2.409
1260,2018-12-27,2.394,2.414,2.404
1261,2018-12-26,2.396,2.416,2.4059999999999997
1262,2018-12-24,2.391,2.411,2.401
1263,2018-12-21,2.397,2.417,2.407
1264,2018-12-20,2.404,2.424,2.4139999999999997
1265,2018-12-19,2.403,2.423,2.4130000000000003
1266,2018-12-18,2.371,2.391,2.3810000000000002
1267,2018-12-17,2.368,2.388,2.378
1268,2018-12-14,2.38,2.4,2.3899999999999997
1269,2018-12-13,2.384,2.404,2.394
1270,2018-12-12,2.378,2.398,2.388
1271,2018-12-11,2.371,2.391,2.3810000000000002
1272,2018-12-10,2.36,2.38,2.37
1273,2018-12-07,2.362,2.382,2.372
1274,2018-12-06,2.362,2.382,2.372
1275,2018-12-05,2.37,2.39,2.38
1276,2018-12-04,2.364,2.384,2.3739999999999997
1277,2018-12-03,2.37,2.39,2.38
1278,2018-11-30,2.36,2.38,2.37
1279,2018-11-29,2.363,2.383,2.373
1280,2018-11-28,2.359,2.379,2.3689999999999998
1281,2018-11-27,2.357,2.377,2.367
1282,2018-11-26,2.351,2.371,2.3609999999999998
1283,2018-11-23,2.345,2.365,2.3550000000000004
1284,2018-11-22,2.343,2.363,2.3529999999999998
1285,2018-11-21,2.343,2.363,2.3529999999999998
1286,2018-11-20,2.331,2.351,2.341
1287,2018-11-19,2.314,2.344,2.3289999999999997
1288,2018-11-16,2.323,2.343,2.333
1289,2018-11-15,2.319,2.349,2.334
1290,2018-11-14,2.315,2.345,2.33
1291,2018-11-13,2.322,2.342,2.332
1292,2018-11-12,2.33,2.35,2.34
1293,2018-11-09,2.329,2.349,2.3390000000000004
1294,2018-11-08,2.315,2.345,2.33
1295,2018-11-07,2.305,2.335,2.3200000000000003
1296,2018-11-06,2.302,2.322,2.3120000000000003
1297,2018-11-05,2.291,2.321,2.306
1298,2018-11-02,2.298,2.318,2.308
1299,2018-11-01,2.291,2.311,2.301
1300,2018-10-31,2.289,2.309,2.2990000000000004
1301,2018-10-30,2.279,2.299,2.2889999999999997
1302,2018-10-29,2.275,2.295,2.285
1303,2018-10-26,2.264,2.294,2.279
1304,2018-10-25,2.27,2.3,2.285
1305,2018-10-24,2.263,2.293,2.278
1306,2018-10-23,2.264,2.294,2.279
1307,2018-10-22,2.272,2.292,2.282
1308,2018-10-19,2.267,2.297,2.282
1309,2018-10-18,2.258,2.288,2.2729999999999997
1310,2018-10-17,2.255,2.275,2.2649999999999997
1311,2018-10-16,2.242,2.262,2.252
1312,2018-10-15,2.24,2.26,2.25
1313,2018-10-12,2.242,2.262,2.252
1314,2018-10-11,2.236,2.256,2.246
1315,2018-10-10,2.229,2.259,2.2439999999999998
1316,2018-10-09,2.232,2.252,2.242
1317,2018-10-08,2.227,2.257,2.242
1318,2018-10-05,2.231,2.251,2.2409999999999997
1319,2018-10-04,2.23,2.25,2.24
1320,2018-10-03,2.221,2.241,2.231
1321,2018-10-02,2.215,2.235,2.2249999999999996
1322,2018-10-01,2.203,2.233,2.218
1323,2018-09-28,2.202,2.222,2.2119999999999997
1324,2018-09-27,2.203,2.223,2.213
1325,2018-09-26,2.196,2.216,2.2060000000000004
1326,2018-09-25,2.181,2.211,2.1959999999999997
1327,2018-09-24,2.178,2.198,2.1879999999999997
1328,2018-09-21,2.176,2.196,2.186
1329,2018-09-20,2.17,2.19,2.1799999999999997
1330,2018-09-19,2.15,2.18,2.165
1331,2018-09-18,2.141,2.171,2.1559999999999997
1332,2018-09-17,2.134,2.164,2.149
1333,2018-09-14,2.131,2.161,2.146
1334,2018-09-13,2.134,2.154,2.144
1335,2018-09-12,2.128,2.148,2.138
1336,2018-09-11,2.12,2.14,2.13
1337,2018-09-10,2.115,2.135,2.125
1338,2018-09-07,2.113,2.133,2.123
1339,2018-09-06,2.106,2.136,2.121
1340,2018-09-05,2.097,2.127,2.112
1341,2018-09-04,2.099,2.119,2.109
1342,2018-09-03,2.092,2.122,2.107
1343,2018-08-31,2.095,2.115,2.1050000000000004
1344,2018-08-30,2.091,2.121,2.106
1345,2018-08-29,2.08,2.11,2.0949999999999998
1346,2018-08-28,2.082,2.102,2.0919999999999996
1347,2018-08-27,2.072,2.102,2.0869999999999997
1348,2018-08-24,2.074,2.094,2.0839999999999996
1349,2018-08-23,2.072,2.092,2.082
1350,2018-08-22,2.055,2.085,2.0700000000000003
1351,2018-08-21,2.055,2.075,2.0650000000000004
1352,2018-08-20,2.05,2.07,2.0599999999999996
1353,2018-08-17,2.051,2.071,2.061
1354,2018-08-16,2.046,2.066,2.056
1355,2018-08-15,2.031,2.061,2.0460000000000003
1356,2018-08-14,2.028,2.058,2.043
1357,2018-08-13,2.027,2.047,2.037
1358,2018-08-10,2.019,2.049,2.034
1359,2018-08-09,2.027,2.047,2.037
1360,2018-08-08,2.019,2.049,2.034
1361,2018-08-07,2.017,2.037,2.027
1362,2018-08-06,2.008,2.038,2.0229999999999997
1363,2018-08-03,2.007,2.037,2.0220000000000002
1364,2018-08-02,2.004,2.034,2.019
1365,2018-08-01,2.007,2.027,2.0170000000000003
1366,2018-07-31,1.999,2.029,2.0140000000000002
1367,2018-07-30,2.002,2.022,2.0119999999999996
1368,2018-07-27,1.995,2.025,2.01
1369,2018-07-26,1.993,2.023,2.008
1370,2018-07-25,1.992,2.012,2.002
1371,2018-07-24,1.981,2.011,1.996
1372,2018-07-23,1.983,2.003,1.993
1373,2018-07-20,1.974,2.004,1.9889999999999999
1374,2018-07-19,1.979,1.999,1.989
1375,2018-07-18,1.977,1.997,1.987
1376,2018-07-17,1.967,1.997,1.9820000000000002
1377,2018-07-16,1.96,1.98,1.97
1378,2018-07-13,1.95,1.98,1.9649999999999999
1379,2018-07-12,1.953,1.973,1.963
1380,2018-07-11,1.944,1.974,1.959
1381,2018-07-10,1.94,1.97,1.955
1382,2018-07-09,1.943,1.963,1.953
1383,2018-07-06,1.942,1.962,1.952
1384,2018-07-05,1.934,1.964,1.9489999999999998
1385,2018-07-04,1.954,1.984,1.9689999999999999
1386,2018-07-03,1.94,1.96,1.95
1387,2018-07-02,1.934,1.954,1.944
1388,2018-06-29,1.925,1.955,1.94
1389,2018-06-28,1.928,1.948,1.938
1390,2018-06-27,1.915,1.945,1.9300000000000002
1391,2018-06-26,1.924,1.944,1.934
1392,2018-06-25,1.918,1.948,1.9329999999999998
1393,2018-06-22,1.93,1.95,1.94
1394,2018-06-21,1.924,1.954,1.939
1395,2018-06-20,1.918,1.948,1.9329999999999998
1396,2018-06-19,1.903,1.933,1.9180000000000001
1397,2018-06-18,1.9,1.93,1.915
1398,2018-06-15,1.907,1.927,1.917
1399,2018-06-14,1.908,1.928,1.918
1400,2018-06-13,1.903,1.933,1.9180000000000001
1401,2018-06-12,1.915,1.935,1.925
1402,2018-06-11,1.911,1.931,1.921
1403,2018-06-08,1.899,1.929,1.9140000000000001
1404,2018-06-07,1.896,1.926,1.911
1405,2018-06-06,1.894,1.924,1.9089999999999998
1406,2018-06-05,1.891,1.921,1.9060000000000001
1407,2018-06-04,1.9,1.92,1.91
1408,2018-06-01,1.882,1.912,1.8969999999999998
1409,2018-05-31,1.872,1.892,1.8820000000000001
1410,2018-05-30,1.866,1.896,1.881
1411,2018-05-29,1.851,1.871,1.861
1412,2018-05-28,1.883,1.913,1.8980000000000001
1413,2018-05-25,1.874,1.894,1.884
1414,2018-05-24,1.877,1.897,1.887
1415,2018-05-23,1.865,1.885,1.875
1416,2018-05-22,1.884,1.914,1.899
1417,2018-05-21,1.882,1.912,1.8969999999999998
1418,2018-05-18,1.882,1.902,1.892
1419,2018-05-17,1.877,1.907,1.892
1420,2018-05-16,1.876,1.896,1.886
1421,2018-05-15,1.871,1.891,1.881
1422,2018-05-14,1.863,1.893,1.8780000000000001
1423,2018-05-11,1.862,1.882,1.8719999999999999
1424,2018-05-10,1.86,1.88,1.87
1425,2018-05-09,1.85,1.88,1.865
1426,2018-05-08,1.843,1.873,1.858
1427,2018-05-07,1.842,1.862,1.852
1428,2018-05-04,1.838,1.858,1.848
1429,2018-05-03,1.831,1.851,1.841
1430,2018-05-02,1.829,1.849,1.839
1431,2018-05-01,1.82,1.85,1.835
1432,2018-04-30,1.822,1.842,1.832
1433,2018-04-27,1.811,1.841,1.826
1434,2018-04-26,1.815,1.835,1.825
1435,2018-04-25,1.8,1.83,1.815
1436,2018-04-24,1.792,1.822,1.807
1437,2018-04-23,1.795,1.815,1.805
1438,2018-04-20,1.784,1.804,1.794
1439,2018-04-19,1.777,1.807,1.7919999999999998
1440,2018-04-18,1.771,1.801,1.786
1441,2018-04-17,1.763,1.793,1.778
1442,2018-04-16,1.7602,1.7802,1.7702
1443,2018-04-13,1.753,1.783,1.7679999999999998
1444,2018-04-12,1.755,1.775,1.765
1445,2018-04-11,1.74,1.77,1.755
1446,2018-04-10,1.738,1.768,1.7530000000000001
1447,2018-04-09,1.731,1.761,1.746
1448,2018-04-06,1.73,1.75,1.74
1449,2018-04-05,1.728,1.758,1.7429999999999999
1450,2018-04-04,1.72,1.75,1.7349999999999999
1451,2018-04-03,1.713,1.743,1.7280000000000002
1452,2018-04-02,1.715,1.735,1.725
1453,2018-03-29,1.706,1.736,1.721
1454,2018-03-28,1.699,1.729,1.714
1455,2018-03-27,1.706,1.726,1.716
1456,2018-03-26,1.699,1.729,1.714
1457,2018-03-23,1.694,1.724,1.709
1458,2018-03-22,1.705,1.725,1.715
1459,2018-03-21,1.705,1.725,1.715
1460,2018-03-20,1.692,1.712,1.702
1461,2018-03-19,1.685,1.705,1.695
1462,2018-03-16,1.674,1.704,1.689
1463,2018-03-15,1.671,1.691,1.681
1464,2018-03-14,1.656,1.676,1.666
1465,2018-03-13,1.647,1.667,1.657
1466,2018-03-12,1.635,1.665,1.65
1467,2018-03-09,1.638,1.658,1.648
1468,2018-03-08,1.632,1.652,1.642
1469,2018-03-07,1.62,1.65,1.635
1470,2018-03-06,1.615,1.645,1.63
1471,2018-03-05,1.617,1.637,1.627
1472,2018-03-02,1.603,1.633,1.6179999999999999
1473,2018-03-01,1.599,1.629,1.6139999999999999
1474,2018-02-28,1.598,1.628,1.613
1475,2018-02-27,1.6,1.62,1.61
1476,2018-02-26,1.598,1.618,1.608
1477,2018-02-23,1.59,1.62,1.605
1478,2018-02-22,1.592,1.612,1.602
1479,2018-02-21,1.578,1.598,1.588
1480,2018-02-20,1.573,1.603,1.588
1481,2018-02-19,1.584,1.614,1.5990000000000002
1482,2018-02-16,1.574,1.594,1.584
1483,2018-02-15,1.566,1.596,1.581
1484,2018-02-14,1.557,1.577,1.567
1485,2018-02-13,1.541,1.571,1.556
1486,2018-02-12,1.536,1.566,1.5510000000000002
1487,2018-02-09,1.532,1.562,1.5470000000000002
1488,2018-02-08,1.533,1.553,1.543
1489,2018-02-07,1.526,1.546,1.536
1490,2018-02-06,1.511,1.541,1.5259999999999998
1491,2018-02-05,1.512,1.532,1.522
1492,2018-02-02,1.517,1.547,1.532
1493,2018-02-01,1.521,1.551,1.536
1494,2018-01-31,1.51,1.54,1.525
1495,2018-01-30,1.509,1.539,1.524
1496,2018-01-29,1.51,1.53,1.52
1497,2018-01-26,1.511,1.531,1.521
1498,2018-01-25,1.508,1.528,1.518
1499,2018-01-24,1.494,1.514,1.504
1500,2018-01-23,1.484,1.514,1.499
1501,2018-01-22,1.486,1.506,1.496
1502,2018-01-19,1.479,1.509,1.494
1503,2018-01-18,1.48,1.5,1.49
1504,2018-01-17,1.47,1.5,1.4849999999999999
1505,2018-01-16,1.468,1.498,1.483
1506,2018-01-15,1.466,1.496,1.4809999999999999
1507,2018-01-12,1.469,1.489,1.479
1508,2018-01-11,1.456,1.486,1.471
1509,2018-01-10,1.447,1.477,1.4620000000000002
1510,2018-01-09,1.445,1.475,1.46
1511,2018-01-08,1.447,1.467,1.457
1512,2018-01-05,1.439,1.469,1.4540000000000002
1513,2018-01-04,1.439,1.469,1.4540000000000002
1514,2018-01-03,1.429,1.459,1.444
