,index,date,bid,ask,mid_USD3MOIS,rate_CME3MSOFR
0,2,2023-11-21,5.352,5.402,5.377000000000001,5.37151
1,4,2023-11-17,5.3446,5.3946,5.3696,5.3671
2,5,2023-11-16,5.3412,5.3912,5.3662,5.36937
3,6,2023-11-15,5.3436,5.3936,5.368600000000001,5.39021
4,7,2023-11-14,5.3399,5.3899,5.3649000000000004,5.37972
5,8,2023-11-13,5.369,5.419,5.394,5.37764
6,10,2023-11-09,5.3637,5.4137,5.3887,5.40525
7,11,2023-11-08,5.3574,5.4074,5.3824000000000005,5.36457
8,12,2023-11-07,5.3536,5.4036,5.3786000000000005,5.30109
9,16,2023-11-01,5.381,5.401,5.391,4.63402
10,31,2023-10-11,5.3757,5.4257,5.4007000000000005,5.37103
11,35,2023-10-05,5.3933,5.4433,5.4183,5.09811
12,36,2023-10-04,5.3991,5.4491,5.424099999999999,4.95866
13,37,2023-10-03,5.411,5.461,5.436,5.11987
14,38,2023-10-02,5.4053,5.4553,5.430300000000001,4.75583
15,39,2023-09-29,5.396,5.416,5.406000000000001,5.3955
16,40,2023-09-28,5.391,5.431,5.411,5.39482
17,41,2023-09-27,5.3908,5.4408,5.4158,5.39008
18,42,2023-09-26,5.3789,5.4289,5.4039,5.38558
19,43,2023-09-25,5.3793,5.4293,5.404299999999999,5.39112
20,44,2023-09-22,5.381,5.431,5.406000000000001,5.39981
21,45,2023-09-21,5.3918,5.4418,5.4168,5.40009
22,46,2023-09-20,5.3931,5.4431,5.4181,5.39613
23,47,2023-09-19,5.3893,5.4393,5.414300000000001,5.39702
24,48,2023-09-18,5.3903,5.4403,5.4153,5.39785
25,49,2023-09-15,5.3869,5.4369,5.411899999999999,5.41009
26,50,2023-09-14,5.3919,5.4419,5.4169,5.41009
27,51,2023-09-13,5.393,5.443,5.417999999999999,5.40943
28,53,2023-09-11,5.4029,5.4529,5.427899999999999,5.36908
29,54,2023-09-08,5.417,5.437,5.427,5.36678
30,56,2023-09-06,5.4038,5.4538,5.428800000000001,5.24154
31,57,2023-09-05,5.3964,5.4464,5.4214,5.08393
32,59,2023-09-01,5.386,5.436,5.411,4.63503
33,60,2023-08-31,5.411,5.431,5.420999999999999,5.40122
34,61,2023-08-30,5.3988,5.4488,5.4238,5.4096
35,62,2023-08-29,5.3957,5.4457,5.4207,5.42245
36,63,2023-08-28,5.4174,5.4674,5.442399999999999,5.41744
37,64,2023-08-25,5.425,5.445,5.4350000000000005,5.40389
38,65,2023-08-24,5.4016,5.4516,5.4266000000000005,5.3879
39,66,2023-08-23,5.3845,5.4345,5.4094999999999995,5.39105
40,67,2023-08-22,5.3894,5.4394,5.4144000000000005,5.38307
41,68,2023-08-21,5.3834,5.4334,5.4084,5.37734
42,69,2023-08-18,5.3712,5.4212,5.3962,5.38317
43,70,2023-08-17,5.373,5.423,5.398,5.37976
44,71,2023-08-16,5.38,5.42,5.4,5.37923
45,72,2023-08-15,5.3712,5.4212,5.3962,5.37648
46,73,2023-08-14,5.3702,5.4202,5.3952,5.37183
47,74,2023-08-11,5.3652,5.4152,5.3902,5.36567
48,76,2023-08-09,5.3665,5.4165,5.391500000000001,5.41047
49,77,2023-08-08,5.365,5.415,5.390000000000001,5.36528
50,80,2023-08-03,5.374,5.424,5.399,5.04022
51,81,2023-08-02,5.379,5.399,5.388999999999999,4.72794
52,83,2023-07-31,5.3619,5.4119,5.386900000000001,5.36532
53,84,2023-07-28,5.3604,5.4104,5.385400000000001,5.37191
54,85,2023-07-27,5.362,5.412,5.3870000000000005,5.36912
55,86,2023-07-26,5.376,5.396,5.386,5.36559
56,87,2023-07-25,5.3546,5.4046,5.3796,5.35736
57,88,2023-07-24,5.362,5.382,5.372,5.35064
58,89,2023-07-21,5.338,5.388,5.3629999999999995,5.35121
59,90,2023-07-20,5.334,5.384,5.359,5.34557
60,91,2023-07-19,5.334,5.374,5.353999999999999,5.33352
61,92,2023-07-18,5.3226,5.3726,5.3476,5.32614
62,93,2023-07-17,5.327,5.347,5.337,5.30989
63,94,2023-07-14,5.3057,5.3557,5.3307,5.30989
64,95,2023-07-13,5.295,5.345,5.32,5.30796
65,97,2023-07-11,5.2955,5.3455,5.3205,5.36806
66,99,2023-07-07,5.2828,5.3328,5.3078,5.29847
67,100,2023-07-06,5.2829,5.3329,5.3079,5.23808
68,102,2023-07-04,5.2624,5.3124,5.2874,4.90439
69,103,2023-07-03,5.257,5.307,5.282,4.95659
70,104,2023-06-30,5.265,5.285,5.275,5.26836
71,105,2023-06-29,5.2529,5.3029,5.277900000000001,5.24665
72,106,2023-06-28,5.22,5.27,5.244999999999999,5.24187
73,107,2023-06-27,5.223,5.263,5.243,5.23932
74,108,2023-06-26,5.2178,5.2678,5.242800000000001,5.23471
75,109,2023-06-23,5.213,5.253,5.2330000000000005,5.2387
76,110,2023-06-22,5.2153,5.2653,5.2402999999999995,5.24626
77,111,2023-06-21,5.2091,5.2591,5.2341,5.22913
78,112,2023-06-20,5.2111,5.2611,5.2361,5.22025
79,114,2023-06-16,5.214,5.234,5.224,5.20684
80,115,2023-06-15,5.201,5.221,5.211,5.21617
81,116,2023-06-14,5.1827,5.2327,5.2077,5.21811
82,117,2023-06-13,5.1937,5.2437,5.2187,5.25432
83,119,2023-06-09,5.239,5.279,5.259,5.39773
84,121,2023-06-07,5.22,5.27,5.244999999999999,5.2809
85,122,2023-06-06,5.2055,5.2555,5.230499999999999,5.23884
86,124,2023-06-02,5.229,5.249,5.239,4.7071
87,125,2023-06-01,5.1942,5.2442,5.219200000000001,4.65554
88,126,2023-05-31,5.224,5.244,5.234,5.29282
89,127,2023-05-30,5.262,5.312,5.287,5.27665
90,129,2023-05-26,5.252,5.302,5.276999999999999,5.26374
91,130,2023-05-25,5.2429,5.2929,5.2679,5.22528
92,131,2023-05-24,5.2072,5.2572,5.232200000000001,5.19155
93,132,2023-05-23,5.165,5.215,5.1899999999999995,5.16617
94,133,2023-05-22,5.1493,5.1993,5.174300000000001,5.15085
95,134,2023-05-19,5.131,5.171,5.151,5.16347
96,135,2023-05-18,5.146,5.186,5.166,5.12936
97,136,2023-05-17,5.1069,5.1569,5.1319,5.11233
98,137,2023-05-16,5.0871,5.1371,5.1121,5.09792
99,138,2023-05-15,5.0841,5.1341,5.1091,5.08967
100,142,2023-05-09,5.0892,5.1392,5.1142,5.39108
101,144,2023-05-05,5.059,5.099,5.079000000000001,5.03873
102,145,2023-05-04,5.047,5.067,5.057,4.9167
103,148,2023-05-01,5.107,5.157,5.132,4.62549
104,149,2023-04-28,5.084,5.104,5.093999999999999,5.08132
105,150,2023-04-27,5.0858,5.1358,5.110799999999999,5.04345
106,151,2023-04-26,5.05,5.07,5.0600000000000005,5.04542
107,152,2023-04-25,5.0249,5.0749,5.0499,5.07877
108,153,2023-04-24,5.075,5.125,5.1,5.06803
109,154,2023-04-21,5.065,5.115,5.09,5.06775
110,155,2023-04-20,5.063,5.103,5.083,5.0706
111,156,2023-04-19,5.0618,5.1118,5.0868,5.0555
112,157,2023-04-18,5.0437,5.0937,5.0687,5.04845
113,158,2023-04-17,5.045,5.095,5.07,5.02785
114,159,2023-04-14,5.019,5.069,5.0440000000000005,4.98188
115,160,2023-04-13,4.9761,5.0261,5.001099999999999,4.98632
116,166,2023-04-05,4.8945,4.9445,4.919499999999999,5.0727
117,167,2023-04-04,4.887,4.937,4.912,4.93736
118,169,2023-03-31,4.912,4.952,4.932,4.90855
119,170,2023-03-30,4.902,4.952,4.927,4.89012
120,171,2023-03-29,4.884,4.934,4.909000000000001,4.89833
121,172,2023-03-28,4.8806,4.9306,4.9056,4.89116
122,173,2023-03-27,4.8947,4.9447,4.919700000000001,4.80694
123,174,2023-03-24,4.83,4.85,4.84,4.87636
124,175,2023-03-23,4.8561,4.9061,4.8811,4.89779
125,176,2023-03-22,4.89,4.91,4.9,4.87979
126,177,2023-03-21,4.878,4.928,4.9030000000000005,4.82369
127,178,2023-03-20,4.832,4.872,4.852,4.8169
128,179,2023-03-17,4.752,4.792,4.772,4.85378
129,180,2023-03-16,4.854,4.894,4.8740000000000006,4.73006
130,181,2023-03-15,4.7569,4.8069,4.7819,4.8773
131,182,2023-03-14,4.8382,4.8882,4.8632,4.74285
132,183,2023-03-13,4.706,4.746,4.726000000000001,5.03274
133,186,2023-03-08,5.1197,5.1697,5.1447,5.36985
134,187,2023-03-07,5.0676,5.1176,5.0926,5.26874
135,189,2023-03-03,4.957,4.977,4.9670000000000005,4.93983
136,190,2023-03-02,4.9379,4.9879,4.962899999999999,4.69218
137,191,2023-03-01,4.9328,4.9828,4.957800000000001,4.60284
138,192,2023-02-28,4.894,4.944,4.9190000000000005,4.89392
139,193,2023-02-27,4.9005,4.9505,4.9254999999999995,4.90629
140,194,2023-02-24,4.896,4.936,4.916,4.89047
141,195,2023-02-23,4.885,4.935,4.91,4.87333
142,196,2023-02-22,4.869,4.889,4.879,4.84658
143,197,2023-02-21,4.7977,4.8477,4.822699999999999,4.82797
144,199,2023-02-17,4.826,4.866,4.846,4.81094
145,200,2023-02-16,4.8167,4.8667,4.8416999999999994,4.80364
146,201,2023-02-15,4.8023,4.8523,4.827299999999999,4.77494
147,202,2023-02-14,4.787,4.807,4.797000000000001,4.76868
148,203,2023-02-13,4.7697,4.8197,4.794700000000001,4.76083
149,206,2023-02-08,4.8632,4.9132,4.888199999999999,5.36941
150,208,2023-02-06,4.736,4.756,4.746,5.23034
151,209,2023-02-03,4.717,4.757,4.737,4.92926
152,210,2023-02-02,4.6929,4.7429,4.7179,4.69729
153,212,2023-01-31,4.693,4.733,4.712999999999999,4.68549
154,213,2023-01-30,4.6864,4.7364,4.711399999999999,4.68165
155,214,2023-01-27,4.673,4.713,4.693,4.67599
156,215,2023-01-26,4.683,4.703,4.693,4.6702
157,216,2023-01-25,4.663,4.713,4.688000000000001,4.66931
158,217,2023-01-24,4.656,4.706,4.681,4.66591
159,218,2023-01-23,4.653,4.703,4.678,4.65947
160,219,2023-01-20,4.633,4.683,4.6579999999999995,4.65863
161,220,2023-01-19,4.638,4.688,4.663,4.65347
162,221,2023-01-18,4.6362,4.6862,4.6612,4.63904
163,222,2023-01-17,4.6243,4.6743,4.6493,4.63299
164,224,2023-01-13,4.622,4.662,4.6419999999999995,4.6319
165,228,2023-01-09,4.606,4.656,4.631,5.4023
166,229,2023-01-06,4.627,4.647,4.6370000000000005,5.27638
167,230,2023-01-05,4.644,4.684,4.664,5.08929
168,232,2023-01-03,4.5963,4.6463,4.6213,4.9056
169,233,2023-01-02,4.594,4.634,4.614000000000001,4.6843
170,234,2022-12-30,4.601,4.621,4.611000000000001,4.58745
171,235,2022-12-29,4.585,4.625,4.605,4.59277
172,236,2022-12-28,4.5921,4.6421,4.617100000000001,4.58023
173,237,2022-12-27,4.5718,4.6218,4.5968,4.56074
174,239,2022-12-23,4.547,4.597,4.572,4.54966
175,240,2022-12-22,4.5419,4.5919,4.5669,4.54107
176,241,2022-12-21,4.5316,4.5816,4.5565999999999995,4.53078
177,242,2022-12-20,4.5184,4.5684,4.5434,4.52356
178,243,2022-12-19,4.5169,4.5669,4.5419,4.5075
179,244,2022-12-16,4.494,4.544,4.519,4.50553
180,245,2022-12-15,4.5034,4.5534,4.5283999999999995,4.50907
181,246,2022-12-14,4.526,4.566,4.545999999999999,4.49881
182,247,2022-12-13,4.4981,4.5481,4.5230999999999995,4.52789
183,248,2022-12-12,4.53,4.58,4.555,4.50806
184,249,2022-12-09,4.499,4.549,4.524,3.18154
185,250,2022-12-08,4.4945,4.5445,4.519500000000001,2.70747
186,251,2022-12-07,4.456,4.506,4.481,2.29823
187,253,2022-12-05,4.4601,4.5101,4.4851,1.25226
188,255,2022-12-01,4.43,4.47,4.449999999999999,0.12432
189,256,2022-11-30,4.4292,4.4792,4.4542,4.41261
190,257,2022-11-29,4.4102,4.4602,4.4352,4.40441
191,258,2022-11-28,4.4102,4.4602,4.4352,4.39903
192,259,2022-11-25,4.392,4.442,4.417,4.41062
193,261,2022-11-23,4.393,4.433,4.413,4.39355
194,262,2022-11-22,4.404,4.444,4.4239999999999995,4.35881
195,263,2022-11-21,4.3622,4.4122,4.3872,4.31983
196,264,2022-11-18,4.32,4.37,4.345000000000001,4.30071
197,265,2022-11-17,4.3088,4.3588,4.3338,4.28446
198,266,2022-11-16,4.2846,4.3346,4.3096,4.26902
199,267,2022-11-15,4.279,4.319,4.2989999999999995,4.24705
200,268,2022-11-14,4.259,4.299,4.279,4.2254
201,270,2022-11-10,4.235,4.275,4.255000000000001,3.78424
202,272,2022-11-08,4.2706,4.3206,4.2956,2.71174
203,273,2022-11-07,4.2349,4.2849,4.2599,2.276
204,274,2022-11-04,4.204,4.244,4.224,0.80029
205,275,2022-11-03,4.2487,4.2987,4.2737,0.47802
206,276,2022-11-02,4.209,4.249,4.228999999999999,0.37486
207,277,2022-11-01,4.185,4.205,4.195,0.12478
208,278,2022-10-31,4.173,4.213,4.193,4.10874
209,279,2022-10-28,4.122,4.162,4.1419999999999995,4.08839
210,280,2022-10-27,4.1099,4.1599,4.1349,4.09421
211,281,2022-10-26,4.108,4.148,4.128,4.07731
212,282,2022-10-25,4.084,4.104,4.093999999999999,4.05391
213,283,2022-10-24,4.0786,4.1286,4.1036,4.0455
214,284,2022-10-21,4.039,4.079,4.058999999999999,4.06
215,285,2022-10-20,4.0745,4.1245,4.0995,4.03748
216,286,2022-10-19,4.0549,4.1049,4.0799,3.98771
217,287,2022-10-18,4.0047,4.0547,4.0297,3.96332
218,288,2022-10-17,3.988,4.028,4.008,3.95504
219,289,2022-10-14,3.974,3.994,3.984,3.92854
220,290,2022-10-13,3.968,4.008,3.988,3.86361
221,292,2022-10-11,3.855,3.895,3.875,4.26531
222,295,2022-10-06,3.7758,3.8258,3.8007999999999997,1.55469
223,296,2022-10-05,3.739,3.789,3.7640000000000002,1.19738
224,298,2022-10-03,3.6591,3.7091,3.6841,0.4647
225,299,2022-09-30,3.636,3.676,3.656,3.59329
226,300,2022-09-29,3.603,3.653,3.628,3.55891
227,301,2022-09-28,3.6227,3.6727,3.6477,3.5532
228,302,2022-09-27,3.575,3.595,3.585,3.56455
229,303,2022-09-26,3.5951,3.6451,3.6201,3.5432
230,304,2022-09-23,3.578,3.598,3.588,3.51903
231,305,2022-09-22,3.557,3.597,3.577,3.53962
232,306,2022-09-21,3.5778,3.6278,3.6028000000000002,3.49902
233,307,2022-09-20,3.538,3.578,3.558,3.48945
234,308,2022-09-19,3.522,3.562,3.542,3.46723
235,309,2022-09-16,3.471,3.511,3.491,3.44668
236,310,2022-09-15,3.4831,3.5331,3.5080999999999998,3.44483
237,311,2022-09-14,3.4598,3.5098,3.4848,3.34041
238,312,2022-09-13,3.404,3.424,3.4139999999999997,3.20642
239,313,2022-09-12,3.2487,3.2987,3.2737,4.49566
240,314,2022-09-09,3.207,3.257,3.232,3.15875
241,315,2022-09-08,3.196,3.236,3.216,2.73025
242,317,2022-09-06,3.105,3.155,3.13,1.54112
243,318,2022-09-05,3.0535,3.1035,3.0785,1.19942
244,319,2022-09-02,3.026,3.076,3.051,0.27365
245,321,2022-08-31,3.0552,3.1052,3.0802,2.97467
246,322,2022-08-30,2.9969,3.0469,3.0219,2.94666
247,323,2022-08-29,2.977,3.027,3.002,2.90271
248,324,2022-08-26,2.945,2.985,2.965,2.90628
249,325,2022-08-25,2.9456,2.9956,2.9706,2.89338
250,326,2022-08-24,2.9278,2.9778,2.9528,2.8496
251,327,2022-08-23,2.8845,2.9345,2.9095,2.8399
252,328,2022-08-22,2.861,2.911,2.886,2.81199
253,329,2022-08-19,2.817,2.867,2.842,2.78144
254,330,2022-08-18,2.8079,2.8579,2.8329,2.79967
255,331,2022-08-17,2.7951,2.8451,2.8201,2.76253
256,332,2022-08-16,2.772,2.792,2.782,2.73671
257,333,2022-08-15,2.7559,2.8059,2.7809,2.72636
258,334,2022-08-12,2.739,2.789,2.7640000000000002,4.4917
259,335,2022-08-11,2.7368,2.7868,2.7618,4.22019
260,337,2022-08-09,2.7556,2.8056,2.7805999999999997,3.1338
261,338,2022-08-08,2.754,2.794,2.774,2.6928
262,340,2022-08-04,2.6451,2.6951,2.6700999999999997,0.78387
263,341,2022-08-03,2.628,2.678,2.653,0.4294
264,342,2022-08-02,2.617,2.637,2.627,0.2678
265,344,2022-07-29,2.57,2.62,2.5949999999999998,2.54334
266,345,2022-07-28,2.576,2.596,2.5860000000000003,2.57505
267,346,2022-07-27,2.574,2.594,2.5839999999999996,2.57674
268,347,2022-07-26,2.575,2.625,2.6,2.56363
269,348,2022-07-25,2.578,2.598,2.588,2.52905
270,349,2022-07-22,2.551,2.571,2.561,2.55878
271,350,2022-07-21,2.566,2.606,2.586,2.54092
272,351,2022-07-20,2.566,2.606,2.586,2.50633
273,352,2022-07-19,2.525,2.545,2.535,2.47345
274,353,2022-07-18,2.485,2.535,2.51,2.4773
275,354,2022-07-15,2.47,2.52,2.495,2.5532
276,355,2022-07-14,2.52,2.56,2.54,2.48082
277,356,2022-07-13,2.592,2.632,2.612,2.32787
278,357,2022-07-12,2.348,2.368,2.3579999999999997,4.46962
279,358,2022-07-11,2.33,2.35,2.34,4.21027
280,360,2022-07-07,2.273,2.313,2.293,2.19299
281,361,2022-07-06,2.238,2.288,2.263,1.49627
282,363,2022-07-04,2.201,2.241,2.221,0.76931
283,364,2022-07-01,2.169,2.219,2.194,0.11477
284,365,2022-06-30,2.16,2.21,2.185,2.11654
285,366,2022-06-29,2.142,2.162,2.152,2.07743
286,367,2022-06-28,2.113,2.133,2.123,2.05444
287,368,2022-06-27,2.106,2.156,2.1310000000000002,2.02963
288,369,2022-06-24,2.077,2.117,2.097,2.00923
289,370,2022-06-23,2.079,2.129,2.104,2.01322
290,371,2022-06-22,2.083,2.123,2.103,2.00434
291,372,2022-06-21,2.058,2.098,2.078,1.95728
292,374,2022-06-17,2.012,2.032,2.0220000000000002,1.93428
293,375,2022-06-16,1.996,2.036,2.016,1.9436
294,376,2022-06-15,1.988,2.028,2.008,1.88594
295,377,2022-06-14,1.961,1.981,1.971,1.67598
296,378,2022-06-13,1.879,1.919,1.899,1.59718
297,379,2022-06-10,1.669,1.689,1.679,3.72191
298,380,2022-06-09,1.578,1.628,1.603,3.02112
299,382,2022-06-07,1.532,1.552,1.542,2.16599
300,383,2022-06-06,1.508,1.558,1.533,1.4811
301,386,2022-06-01,1.475,1.495,1.485,0.10435
302,387,2022-05-31,1.458,1.498,1.478,1.4048
303,389,2022-05-27,1.425,1.445,1.435,1.3995
304,390,2022-05-26,1.41,1.46,1.435,1.39709
305,391,2022-05-25,1.396,1.416,1.406,1.3708
306,392,2022-05-24,1.378,1.398,1.388,1.35809
307,393,2022-05-23,1.382,1.422,1.402,1.34169
308,394,2022-05-20,1.359,1.379,1.369,1.33048
309,395,2022-05-19,1.356,1.396,1.376,1.3302
310,396,2022-05-18,1.352,1.392,1.3719999999999999,1.3111
311,397,2022-05-17,1.322,1.342,1.332,1.27408
312,398,2022-05-16,1.286,1.336,1.311,1.2678
313,399,2022-05-13,1.289,1.309,1.299,1.23907
314,400,2022-05-12,1.27,1.29,1.28,4.44848
315,402,2022-05-10,1.251,1.291,1.271,3.66548
316,405,2022-05-05,1.214,1.254,1.234,1.20078
317,406,2022-05-04,1.206,1.246,1.226,0.71284
318,409,2022-04-29,1.171,1.211,1.191,1.11156
319,410,2022-04-28,1.136,1.176,1.156,1.07403
320,411,2022-04-27,1.043,1.093,1.068,1.02546
321,412,2022-04-26,1.026,1.076,1.0510000000000002,1.00592
322,413,2022-04-25,1.026,1.076,1.0510000000000002,1.02528
323,414,2022-04-22,1.018,1.058,1.038,0.98439
324,415,2022-04-21,1.001,1.021,1.011,0.94913
325,416,2022-04-20,0.95,0.97,0.96,0.90486
326,417,2022-04-19,0.921,0.971,0.946,0.8873
327,418,2022-04-18,0.907,0.927,0.917,0.87343
328,420,2022-04-14,0.887,0.927,0.907,0.85121
329,421,2022-04-13,0.845,0.865,0.855,0.84635
330,423,2022-04-11,0.835,0.855,0.845,4.20653
331,424,2022-04-08,0.803,0.853,0.8280000000000001,2.63778
332,427,2022-04-05,0.756,0.796,0.776,1.1807
333,428,2022-04-04,0.739,0.779,0.759,0.69754
334,429,2022-04-01,0.724,0.744,0.734,0.09274
335,430,2022-03-31,0.708,0.728,0.718,0.67512
336,431,2022-03-30,0.656,0.706,0.681,0.6509
337,432,2022-03-29,0.618,0.658,0.638,0.65112
338,433,2022-03-28,0.676,0.696,0.6859999999999999,0.64113
339,434,2022-03-25,0.645,0.695,0.6699999999999999,0.62403
340,435,2022-03-24,0.644,0.684,0.664,0.61603
341,436,2022-03-23,0.604,0.654,0.629,0.60743
342,437,2022-03-22,0.613,0.653,0.633,0.56214
343,438,2022-03-21,0.583,0.603,0.593,0.53141
344,439,2022-03-18,0.545,0.565,0.5549999999999999,0.51604
345,440,2022-03-17,0.534,0.574,0.554,0.5495
346,441,2022-03-16,0.51,0.56,0.535,0.53975
347,442,2022-03-15,0.558,0.598,0.5780000000000001,0.51508
348,443,2022-03-14,0.529,0.549,0.539,0.47982
349,444,2022-03-11,0.481,0.521,0.501,4.18419
350,445,2022-03-10,0.477,0.497,0.487,3.59736
351,447,2022-03-08,0.436,0.456,0.446,2.5934
352,450,2022-03-03,0.42,0.44,0.43,0.40962
353,451,2022-03-02,0.4,0.42,0.41000000000000003,0.21977
354,452,2022-03-01,0.354,0.374,0.364,0.0911
355,453,2022-02-28,0.387,0.407,0.397,0.411
356,454,2022-02-25,0.414,0.454,0.434,0.37661
357,455,2022-02-24,0.373,0.413,0.393,0.42617
358,456,2022-02-23,0.417,0.437,0.427,0.38658
359,457,2022-02-22,0.416,0.436,0.426,0.3669
360,459,2022-02-18,0.356,0.406,0.381,0.37065
361,460,2022-02-17,0.385,0.405,0.395,0.39223
362,461,2022-02-16,0.374,0.394,0.384,0.37696
363,462,2022-02-15,0.391,0.411,0.401,0.37989
364,463,2022-02-14,0.394,0.414,0.404,0.37579
365,464,2022-02-11,0.377,0.397,0.387,4.16569
366,466,2022-02-09,0.315,0.355,0.33499999999999996,3.04686
367,467,2022-02-08,0.292,0.332,0.312,2.56475
368,470,2022-02-03,0.256,0.276,0.266,0.37075
369,471,2022-02-02,0.222,0.242,0.23199999999999998,0.20722
370,473,2022-01-31,0.224,0.244,0.23399999999999999,0.20156
371,474,2022-01-28,0.211,0.251,0.23099999999999998,0.20424
372,475,2022-01-27,0.221,0.241,0.23099999999999998,0.17939
373,476,2022-01-26,0.209,0.249,0.22899999999999998,0.17239
374,477,2022-01-25,0.181,0.231,0.20600000000000002,0.16527
375,478,2022-01-24,0.168,0.218,0.193,0.16712
376,479,2022-01-21,0.177,0.217,0.197,0.17114
377,480,2022-01-20,0.196,0.216,0.20600000000000002,0.17064
378,481,2022-01-19,0.169,0.219,0.194,0.16037
379,482,2022-01-18,0.166,0.216,0.191,0.14248
380,484,2022-01-14,0.154,0.194,0.174,0.13671
381,485,2022-01-13,0.142,0.192,0.16699999999999998,0.13149
382,486,2022-01-12,0.146,0.166,0.156,4.45087
383,487,2022-01-11,0.135,0.175,0.155,4.14091
384,489,2022-01-07,0.128,0.168,0.14800000000000002,2.10954
385,490,2022-01-06,0.122,0.172,0.147,1.43288
386,492,2022-01-04,0.104,0.144,0.124,0.67343
387,493,2022-01-03,0.112,0.132,0.122,0.38252
388,494,2021-12-31,0.108,0.128,0.118,0.09125
389,495,2021-12-30,0.106,0.126,0.11599999999999999,0.09281
390,496,2021-12-29,0.087,0.137,0.112,0.08216
391,497,2021-12-28,0.099,0.119,0.109,0.07907
392,498,2021-12-27,0.098,0.118,0.108,0.07862
393,500,2021-12-23,0.095,0.115,0.10500000000000001,0.07521
394,501,2021-12-22,0.089,0.109,0.099,0.07579
395,502,2021-12-21,0.089,0.109,0.099,0.0672
396,503,2021-12-20,0.076,0.116,0.096,0.06547
397,504,2021-12-17,0.086,0.106,0.096,0.06436
398,505,2021-12-16,0.084,0.104,0.094,0.07081
399,506,2021-12-15,0.081,0.101,0.091,0.06659
400,507,2021-12-14,0.073,0.113,0.093,0.06211
401,508,2021-12-13,0.082,0.102,0.092,0.05886
402,509,2021-12-10,0.067,0.107,0.087,0.05448
403,511,2021-12-08,0.062,0.112,0.087,0.0497
404,512,2021-12-07,0.076,0.096,0.086,0.048
405,514,2021-12-03,0.056,0.106,0.081,0.0411
406,515,2021-12-02,0.073,0.093,0.08299999999999999,0.0366
407,516,2021-12-01,0.073,0.093,0.08299999999999999,0.0661
408,517,2021-11-30,0.06,0.1,0.08,0.05363
409,518,2021-11-29,0.069,0.089,0.079,0.05353
410,519,2021-11-26,0.058,0.098,0.078,0.05575
411,521,2021-11-24,0.063,0.103,0.08299999999999999,0.05556
412,522,2021-11-23,0.06,0.11,0.08499999999999999,0.05384
413,523,2021-11-22,0.064,0.104,0.08399999999999999,0.05155
414,524,2021-11-19,0.063,0.103,0.08299999999999999,0.05278
415,525,2021-11-18,0.061,0.101,0.081,0.05315
416,526,2021-11-17,0.063,0.103,0.08299999999999999,0.05338
417,527,2021-11-16,0.062,0.102,0.08199999999999999,0.0512
418,528,2021-11-15,0.063,0.103,0.08299999999999999,0.05004
419,530,2021-11-11,0.056,0.106,0.081,0.0461
420,533,2021-11-08,0.053,0.103,0.078,0.0502
421,534,2021-11-05,0.053,0.103,0.078,0.0261
422,536,2021-11-03,0.059,0.099,0.079,0.0418
423,537,2021-11-02,0.057,0.097,0.077,0.0372
424,538,2021-11-01,0.051,0.101,0.076,0.0689
425,539,2021-10-29,0.052,0.102,0.077,0.04776
426,540,2021-10-28,0.052,0.102,0.077,0.04764
427,541,2021-10-27,0.067,0.087,0.077,0.04653
428,542,2021-10-26,0.05,0.1,0.07500000000000001,0.0476
429,543,2021-10-25,0.065,0.085,0.07500000000000001,0.04546
430,544,2021-10-22,0.056,0.096,0.076,0.04731
431,545,2021-10-21,0.05,0.1,0.07500000000000001,0.04539
432,546,2021-10-20,0.061,0.081,0.07100000000000001,0.0515
433,547,2021-10-19,0.064,0.084,0.07400000000000001,0.05372
434,548,2021-10-18,0.051,0.101,0.076,0.05434
435,549,2021-10-15,0.05,0.1,0.07500000000000001,0.05346
436,550,2021-10-14,0.056,0.096,0.076,0.05432
437,551,2021-10-13,0.065,0.085,0.07500000000000001,0.05477
438,552,2021-10-12,0.052,0.102,0.077,0.05903
439,553,2021-10-11,0.065,0.085,0.07500000000000001,0.0461
440,554,2021-10-08,0.057,0.097,0.077,0.049
441,556,2021-10-06,0.067,0.087,0.077,0.0278
442,557,2021-10-05,0.067,0.087,0.077,0.0288
443,560,2021-09-30,0.066,0.086,0.076,0.0574
444,561,2021-09-29,0.07,0.09,0.08,0.0605
445,562,2021-09-28,0.054,0.104,0.079,0.0586
446,563,2021-09-27,0.056,0.106,0.081,0.0583
447,564,2021-09-24,0.07,0.09,0.08,0.0579
448,565,2021-09-23,0.07,0.09,0.08,0.0569
449,566,2021-09-22,0.07,0.09,0.08,0.058
450,567,2021-09-21,0.06,0.1,0.08,0.0594
451,568,2021-09-20,0.07,0.09,0.08,0.0598
452,569,2021-09-17,0.07,0.09,0.08,0.0598
453,570,2021-09-16,0.061,0.101,0.081,0.0571
454,571,2021-09-15,0.06,0.1,0.08,0.0525
455,572,2021-09-14,0.068,0.088,0.078,0.0518
456,573,2021-09-13,0.051,0.101,0.076,0.0525
457,575,2021-09-09,0.049,0.099,0.07400000000000001,0.0524
458,576,2021-09-08,0.049,0.099,0.07400000000000001,0.0496
459,577,2021-09-07,0.055,0.095,0.075,0.0479
460,578,2021-09-06,0.065,0.085,0.07500000000000001,0.029
461,579,2021-09-03,0.063,0.083,0.07300000000000001,0.0383
462,580,2021-09-02,0.057,0.097,0.077,0.0339
463,582,2021-08-31,0.067,0.087,0.077,0.0498
464,583,2021-08-30,0.067,0.087,0.077,0.0502
465,584,2021-08-27,0.055,0.105,0.08,0.0533
466,585,2021-08-26,0.066,0.106,0.086,0.0531
467,586,2021-08-25,0.067,0.107,0.087,0.0505
468,587,2021-08-24,0.062,0.112,0.087,0.0498
469,588,2021-08-23,0.062,0.112,0.087,0.0497
470,589,2021-08-20,0.062,0.112,0.087,0.0504
471,590,2021-08-19,0.077,0.097,0.087,0.0502
472,591,2021-08-18,0.071,0.111,0.091,0.0501
473,592,2021-08-17,0.067,0.117,0.092,0.0513
474,593,2021-08-16,0.068,0.118,0.093,0.0522
475,594,2021-08-13,0.067,0.117,0.092,0.0493
476,595,2021-08-12,0.067,0.117,0.092,0.05848
477,596,2021-08-11,0.071,0.111,0.091,0.04479
478,597,2021-08-10,0.082,0.102,0.092,0.05505
479,598,2021-08-09,0.066,0.116,0.091,0.0524
480,599,2021-08-06,0.082,0.102,0.092,0.0285
481,601,2021-08-04,0.068,0.108,0.088,0.0261
482,602,2021-08-03,0.064,0.114,0.089,0.0436
483,603,2021-08-02,0.064,0.114,0.089,0.0329
484,604,2021-07-30,0.078,0.098,0.088,0.0482
485,605,2021-07-29,0.079,0.099,0.089,0.049
486,606,2021-07-28,0.065,0.115,0.09,0.048
487,607,2021-07-27,0.065,0.115,0.09,0.0472
488,608,2021-07-26,0.081,0.101,0.091,0.0486
489,609,2021-07-23,0.08,0.1,0.09,0.0483
490,610,2021-07-22,0.08,0.1,0.09,0.0485
491,611,2021-07-21,0.08,0.1,0.09,0.0479
492,612,2021-07-20,0.08,0.1,0.09,0.0479
493,613,2021-07-19,0.065,0.115,0.09,0.048
494,614,2021-07-16,0.08,0.1,0.09,0.0479
495,615,2021-07-15,0.078,0.098,0.088,0.0483
496,616,2021-07-14,0.065,0.115,0.09,0.0485
497,617,2021-07-13,0.071,0.111,0.091,0.0481
498,618,2021-07-12,0.082,0.102,0.092,0.05742
499,619,2021-07-09,0.082,0.102,0.092,0.053
500,621,2021-07-07,0.067,0.117,0.092,0.0476
501,622,2021-07-06,0.083,0.103,0.093,0.0287
502,623,2021-07-05,0.068,0.118,0.093,0.0303
503,625,2021-07-01,0.073,0.113,0.093,0.0706
504,626,2021-06-30,0.083,0.103,0.093,0.0471
505,627,2021-06-29,0.073,0.113,0.093,0.0475
506,628,2021-06-28,0.069,0.119,0.094,0.0466
507,629,2021-06-25,0.074,0.114,0.094,0.0456
508,630,2021-06-24,0.083,0.103,0.093,0.0459
509,631,2021-06-23,0.068,0.118,0.093,0.0442
510,632,2021-06-22,0.073,0.113,0.093,0.0496
511,633,2021-06-21,0.087,0.107,0.097,0.0492
512,634,2021-06-18,0.085,0.105,0.095,0.0483
513,635,2021-06-17,0.07,0.12,0.095,0.0426
514,636,2021-06-16,0.08,0.12,0.1,0.0317
515,637,2021-06-15,0.065,0.105,0.08499999999999999,0.0305
516,638,2021-06-14,0.073,0.093,0.08299999999999999,0.0258
517,640,2021-06-10,0.064,0.084,0.07400000000000001,0.05724
518,642,2021-06-08,0.053,0.103,0.078,0.0485
519,643,2021-06-07,0.057,0.097,0.077,0.0483
520,644,2021-06-04,0.059,0.099,0.079,0.02
521,647,2021-06-01,0.067,0.087,0.077,0.0668
522,648,2021-05-28,0.068,0.088,0.078,0.0263
523,649,2021-05-27,0.058,0.098,0.078,0.0252
524,650,2021-05-26,0.039,0.079,0.059,0.0274
525,651,2021-05-25,0.064,0.084,0.07400000000000001,0.0279
526,652,2021-05-24,0.056,0.096,0.076,0.0283
527,653,2021-05-21,0.066,0.086,0.076,0.0283
528,654,2021-05-20,0.065,0.085,0.07500000000000001,0.0271
529,655,2021-05-19,0.058,0.098,0.078,0.0253
530,656,2021-05-18,0.048,0.098,0.07300000000000001,0.0257
531,657,2021-05-17,0.053,0.093,0.073,0.0268
532,658,2021-05-14,0.065,0.085,0.07500000000000001,0.0283
533,659,2021-05-13,0.065,0.085,0.07500000000000001,0.0276
534,661,2021-05-11,0.066,0.086,0.076,0.04439
535,662,2021-05-10,0.055,0.095,0.075,0.05703
536,665,2021-05-05,0.055,0.105,0.08,0.0363
537,666,2021-05-04,0.072,0.092,0.08199999999999999,0.0196
538,667,2021-05-03,0.077,0.097,0.087,0.0441
539,668,2021-04-30,0.056,0.106,0.081,0.0314
540,669,2021-04-29,0.056,0.106,0.081,0.0299
541,670,2021-04-28,0.052,0.102,0.077,0.0305
542,671,2021-04-27,0.065,0.105,0.08499999999999999,0.0312
543,672,2021-04-26,0.065,0.105,0.08499999999999999,0.0305
544,673,2021-04-23,0.076,0.096,0.086,0.0311
545,674,2021-04-22,0.061,0.111,0.086,0.0305
546,675,2021-04-21,0.066,0.106,0.086,0.0304
547,676,2021-04-20,0.061,0.111,0.086,0.0302
548,677,2021-04-19,0.076,0.096,0.086,0.0334
549,678,2021-04-16,0.076,0.096,0.086,0.0351
550,679,2021-04-15,0.074,0.094,0.08399999999999999,0.0325
551,680,2021-04-14,0.057,0.097,0.077,0.0307
552,681,2021-04-13,0.066,0.086,0.076,0.0296
553,684,2021-04-08,0.049,0.099,0.07400000000000001,0.0478
554,686,2021-04-06,0.043,0.093,0.068,0.0286
555,687,2021-04-05,0.049,0.089,0.069,0.0348
556,688,2021-04-02,0.043,0.093,0.068,0.044
557,689,2021-04-01,0.058,0.078,0.068,0.063
558,690,2021-03-31,0.042,0.092,0.067,0.0218
559,691,2021-03-30,0.047,0.087,0.067,0.0227
560,692,2021-03-29,0.043,0.093,0.068,0.0212
561,693,2021-03-26,0.046,0.086,0.066,0.0192
562,694,2021-03-25,0.042,0.092,0.067,0.0196
563,695,2021-03-24,0.058,0.078,0.068,0.0188
564,696,2021-03-23,0.058,0.078,0.068,0.016
565,697,2021-03-22,0.054,0.074,0.064,0.0202
566,698,2021-03-19,0.047,0.087,0.067,0.0271
567,699,2021-03-18,0.06,0.08,0.07,0.0352
568,700,2021-03-17,0.053,0.093,0.073,0.0364
569,701,2021-03-16,0.05,0.1,0.07500000000000001,0.0345
570,702,2021-03-15,0.062,0.082,0.07200000000000001,0.0358
571,703,2021-03-12,0.062,0.082,0.07200000000000001,0.05521
572,704,2021-03-11,0.052,0.092,0.072,0.04774
573,706,2021-03-09,0.047,0.097,0.07200000000000001,0.0523
574,707,2021-03-08,0.062,0.082,0.07200000000000001,0.0478
575,708,2021-03-05,0.067,0.087,0.077,0.0332
576,710,2021-03-03,0.056,0.096,0.076,0.0464
577,711,2021-03-02,0.06,0.1,0.08,0.0435
578,713,2021-02-26,0.067,0.087,0.077,0.0496
579,714,2021-02-25,0.07,0.09,0.08,0.0454
580,715,2021-02-24,0.049,0.099,0.07400000000000001,0.0389
581,716,2021-02-23,0.055,0.095,0.075,0.0337
582,717,2021-02-22,0.063,0.083,0.07300000000000001,0.0332
583,718,2021-02-19,0.062,0.082,0.07200000000000001,0.0345
584,719,2021-02-18,0.062,0.082,0.07200000000000001,0.0355
585,720,2021-02-17,0.047,0.097,0.07200000000000001,0.036
586,721,2021-02-16,0.061,0.081,0.07100000000000001,0.035
587,722,2021-02-12,0.051,0.091,0.071,0.05586
588,723,2021-02-11,0.052,0.092,0.072,0.04784
589,725,2021-02-09,0.046,0.096,0.07100000000000001,0.0514
590,726,2021-02-08,0.051,0.091,0.071,0.048
591,728,2021-02-04,0.053,0.073,0.063,0.0196
592,729,2021-02-03,0.055,0.075,0.065,0.0433
593,730,2021-02-02,0.042,0.092,0.067,0.0409
594,732,2021-01-29,0.038,0.088,0.063,0.047
595,733,2021-01-28,0.06,0.08,0.07,0.044
596,734,2021-01-27,0.061,0.081,0.07100000000000001,0.0474
597,735,2021-01-26,0.062,0.082,0.07200000000000001,0.0547
598,736,2021-01-25,0.051,0.101,0.076,0.0565
599,737,2021-01-22,0.056,0.096,0.076,0.0578
600,738,2021-01-21,0.051,0.101,0.076,0.0631
601,739,2021-01-20,0.052,0.102,0.077,0.0672
602,740,2021-01-19,0.053,0.103,0.078,0.068
603,741,2021-01-15,0.053,0.103,0.078,0.0692
604,742,2021-01-14,0.058,0.098,0.078,0.0682
605,743,2021-01-13,0.058,0.098,0.078,0.07
606,744,2021-01-12,0.069,0.089,0.079,0.05413
607,745,2021-01-11,0.07,0.09,0.08,0.04819
608,747,2021-01-07,0.07,0.09,0.08,0.0475
609,748,2021-01-06,0.054,0.104,0.079,0.0261
610,750,2021-01-04,0.054,0.104,0.079,0.0191
611,751,2020-12-31,0.069,0.089,0.079,0.0652
612,752,2020-12-30,0.058,0.098,0.078,0.0671
613,753,2020-12-29,0.034,0.074,0.054,0.0678
614,754,2020-12-28,0.055,0.105,0.08,0.067
615,755,2020-12-24,0.055,0.105,0.08,0.0667
616,756,2020-12-23,0.072,0.092,0.08199999999999999,0.067
617,757,2020-12-22,0.066,0.106,0.086,0.0646
618,758,2020-12-21,0.076,0.096,0.086,0.0643
619,759,2020-12-18,0.077,0.097,0.087,0.0691
620,760,2020-12-17,0.077,0.097,0.087,0.0644
621,761,2020-12-16,0.062,0.112,0.087,0.0612
622,762,2020-12-15,0.062,0.102,0.08199999999999999,0.0602
623,763,2020-12-14,0.06,0.1,0.08,0.0579
624,764,2020-12-11,0.067,0.087,0.077,0.0873
625,767,2020-12-08,0.056,0.106,0.081,0.0747
626,770,2020-12-03,0.073,0.093,0.08299999999999999,0.322
627,771,2020-12-02,0.063,0.103,0.08299999999999999,1.5649
628,773,2020-11-30,0.059,0.099,0.079,0.0723
629,774,2020-11-27,0.058,0.098,0.078,0.0719
630,775,2020-11-25,0.06,0.1,0.08,0.0714
631,776,2020-11-24,0.056,0.096,0.076,0.0694
632,777,2020-11-23,0.056,0.096,0.076,0.0698
633,778,2020-11-20,0.064,0.084,0.07400000000000001,0.0772
634,779,2020-11-19,0.06,0.1,0.08,0.0808
635,780,2020-11-18,0.058,0.108,0.083,0.0833
636,781,2020-11-17,0.062,0.102,0.08199999999999999,0.0851
637,782,2020-11-16,0.058,0.108,0.083,0.0857
638,783,2020-11-13,0.064,0.104,0.08399999999999999,0.0872
639,784,2020-11-12,0.063,0.103,0.08299999999999999,0.062
640,787,2020-11-09,0.059,0.109,0.08399999999999999,0.0813
641,788,2020-11-06,0.073,0.093,0.08299999999999999,0.0795
642,789,2020-11-05,0.057,0.107,0.082,0.0545
643,791,2020-11-03,0.055,0.105,0.08,0.4077
644,792,2020-11-02,0.07,0.09,0.08,1.5578
645,793,2020-10-30,0.07,0.09,0.08,0.0829
646,794,2020-10-29,0.055,0.105,0.08,0.082
647,795,2020-10-28,0.056,0.106,0.081,0.0818
648,796,2020-10-27,0.07,0.09,0.08,0.0805
649,797,2020-10-26,0.07,0.09,0.08,0.0844
650,798,2020-10-23,0.074,0.094,0.08399999999999999,0.0831
651,799,2020-10-22,0.073,0.093,0.08299999999999999,0.0825
652,800,2020-10-21,0.062,0.102,0.08199999999999999,0.0838
653,801,2020-10-20,0.072,0.092,0.08199999999999999,0.0837
654,802,2020-10-19,0.056,0.106,0.081,0.0826
655,803,2020-10-16,0.061,0.101,0.081,0.0804
656,804,2020-10-15,0.063,0.103,0.08299999999999999,0.0781
657,805,2020-10-14,0.071,0.091,0.08099999999999999,0.0773
658,806,2020-10-13,0.057,0.107,0.082,0.0759
659,807,2020-10-12,0.072,0.092,0.08199999999999999,0.0601
660,808,2020-10-09,0.072,0.092,0.08199999999999999,0.082
661,809,2020-10-08,0.072,0.092,0.08199999999999999,0.0724
662,810,2020-10-07,0.06,0.1,0.08,0.0793
663,811,2020-10-06,0.054,0.104,0.079,0.082
664,813,2020-10-02,0.059,0.099,0.079,1.5719
665,814,2020-10-01,0.058,0.098,0.078,1.5862
666,815,2020-09-30,0.053,0.103,0.078,0.0719
667,816,2020-09-29,0.068,0.088,0.078,0.0751
668,817,2020-09-28,0.031,0.071,0.051,0.0736
669,818,2020-09-25,0.057,0.097,0.077,0.0721
670,819,2020-09-24,0.069,0.089,0.079,0.0733
671,820,2020-09-23,0.059,0.099,0.079,0.0723
672,821,2020-09-22,0.059,0.099,0.079,0.0733
673,822,2020-09-21,0.056,0.106,0.081,0.0761
674,823,2020-09-18,0.072,0.092,0.08199999999999999,0.0751
675,824,2020-09-17,0.056,0.106,0.081,0.0747
676,825,2020-09-16,0.058,0.108,0.083,0.0772
677,826,2020-09-15,0.073,0.093,0.08299999999999999,0.076
678,827,2020-09-14,0.061,0.101,0.081,0.0789
679,828,2020-09-11,0.071,0.091,0.08099999999999999,0.089
680,829,2020-09-10,0.058,0.108,0.083,0.076
681,830,2020-09-09,0.07,0.09,0.08,0.0813
682,832,2020-09-04,0.066,0.086,0.076,0.0691
683,833,2020-09-03,0.048,0.098,0.07300000000000001,0.5304
684,835,2020-09-01,0.052,0.092,0.072,1.5839
685,836,2020-08-31,0.066,0.086,0.076,0.0698
686,837,2020-08-28,0.046,0.096,0.07100000000000001,0.0738
687,838,2020-08-27,0.026,0.066,0.046,0.0775
688,839,2020-08-26,0.065,0.085,0.07500000000000001,0.076
689,840,2020-08-25,0.054,0.094,0.074,0.0701
690,841,2020-08-24,0.046,0.096,0.07100000000000001,0.0691
691,842,2020-08-21,0.044,0.094,0.069,0.0715
692,843,2020-08-20,0.064,0.084,0.07400000000000001,0.0758
693,844,2020-08-19,0.065,0.085,0.07500000000000001,0.0831
694,845,2020-08-18,0.055,0.105,0.08,0.0845
695,846,2020-08-17,0.057,0.107,0.082,0.0827
696,847,2020-08-14,0.071,0.091,0.08099999999999999,0.0801
697,848,2020-08-13,0.068,0.088,0.078,0.0774
698,849,2020-08-12,0.068,0.088,0.078,0.0631
699,851,2020-08-10,0.048,0.098,0.07300000000000001,0.0758
700,852,2020-08-07,0.053,0.093,0.073,0.0834
701,853,2020-08-06,0.052,0.092,0.072,0.0771
702,854,2020-08-05,0.053,0.093,0.073,0.0524
703,855,2020-08-04,0.048,0.098,0.07300000000000001,0.0698
704,857,2020-07-31,0.059,0.079,0.069,0.0715
705,858,2020-07-30,0.048,0.088,0.068,0.0738
706,859,2020-07-29,0.025,0.065,0.045,0.0781
707,860,2020-07-28,0.045,0.095,0.07,0.0798
708,861,2020-07-27,0.043,0.093,0.068,0.0786
709,862,2020-07-24,0.06,0.08,0.07,0.0807
710,863,2020-07-23,0.046,0.096,0.07100000000000001,0.0845
711,864,2020-07-22,0.065,0.085,0.07500000000000001,0.0847
712,865,2020-07-21,0.05,0.1,0.07500000000000001,0.0817
713,866,2020-07-20,0.064,0.084,0.07400000000000001,0.0805
714,867,2020-07-17,0.052,0.092,0.072,0.0788
715,868,2020-07-16,0.061,0.081,0.07100000000000001,0.0841
716,869,2020-07-15,0.049,0.099,0.07400000000000001,0.0837
717,870,2020-07-14,0.065,0.085,0.07500000000000001,0.0834
718,871,2020-07-13,0.054,0.094,0.074,0.0827
719,872,2020-07-10,0.052,0.092,0.072,0.0751
720,874,2020-07-08,0.06,0.08,0.07,0.0735
721,875,2020-07-07,0.048,0.098,0.07300000000000001,0.0829
722,877,2020-07-02,0.05,0.09,0.07,1.5784
723,878,2020-07-01,0.041,0.091,0.066,1.5818
724,879,2020-06-30,0.04,0.09,0.065,0.0671
725,880,2020-06-29,0.055,0.075,0.065,0.0701
726,881,2020-06-26,0.057,0.077,0.067,0.0707
727,882,2020-06-25,0.06,0.08,0.07,0.0726
728,883,2020-06-24,0.061,0.081,0.07100000000000001,0.0745
729,884,2020-06-23,0.051,0.091,0.071,0.0784
730,885,2020-06-22,0.052,0.092,0.072,0.0796
731,886,2020-06-19,0.056,0.096,0.076,0.0829
732,887,2020-06-18,0.05,0.1,0.07500000000000001,0.0928
733,888,2020-06-17,0.056,0.106,0.081,0.0845
734,889,2020-06-16,0.08,0.1,0.09,0.0995
735,890,2020-06-15,0.084,0.104,0.094,0.0995
736,892,2020-06-11,0.074,0.114,0.094,0.0873
737,893,2020-06-10,0.053,0.093,0.073,0.074
738,895,2020-06-08,0.056,0.096,0.076,0.0713
739,896,2020-06-05,0.046,0.086,0.066,0.0453
740,897,2020-06-04,0.055,0.075,0.065,0.0541
741,898,2020-06-03,0.033,0.083,0.058,0.6773
742,899,2020-06-02,0.029,0.079,0.054,1.578
743,900,2020-06-01,0.027,0.077,0.052,1.5614
744,901,2020-05-29,0.026,0.076,0.051,0.0741
745,902,2020-05-28,0.035,0.075,0.055,0.069
746,903,2020-05-27,0.029,0.079,0.054,0.0647
747,904,2020-05-26,0.042,0.062,0.052000000000000005,0.0568
748,905,2020-05-22,0.025,0.075,0.05,0.0562
749,906,2020-05-21,0.031,0.071,0.051,0.0626
750,907,2020-05-20,0.028,0.078,0.053,0.0655
751,908,2020-05-19,0.037,0.087,0.062,0.0659
752,909,2020-05-18,0.042,0.082,0.062,0.0584
753,910,2020-05-15,0.035,0.075,0.055,0.0612
754,911,2020-05-14,0.042,0.062,0.052000000000000005,0.062
755,912,2020-05-13,0.026,0.076,0.051,0.0651
756,914,2020-05-11,0.031,0.071,0.051,0.0851
757,915,2020-05-08,0.029,0.069,0.049,0.0739
758,917,2020-05-06,0.034,0.054,0.044,0.0785
759,918,2020-05-05,0.035,0.055,0.045,0.029
760,922,2020-04-29,0.027,0.067,0.047,0.0484
761,923,2020-04-28,0.038,0.078,0.057999999999999996,0.0512
762,924,2020-04-27,0.055,0.095,0.075,0.0558
763,925,2020-04-24,0.065,0.085,0.07500000000000001,0.0556
764,926,2020-04-23,0.058,0.098,0.078,0.05
765,927,2020-04-22,0.065,0.085,0.07500000000000001,0.0522
766,928,2020-04-21,0.064,0.084,0.07400000000000001,0.0601
767,929,2020-04-20,0.063,0.083,0.07300000000000001,0.0668
768,930,2020-04-17,0.051,0.101,0.076,0.0738
769,931,2020-04-16,0.066,0.086,0.076,0.0742
770,932,2020-04-15,0.052,0.102,0.077,0.0796
771,933,2020-04-14,0.06,0.1,0.08,0.0712
772,934,2020-04-13,0.057,0.107,0.082,0.0664
773,936,2020-04-09,0.067,0.087,0.077,0.0764
774,937,2020-04-08,0.058,0.098,0.078,0.072
775,939,2020-04-06,0.069,0.089,0.079,0.076
776,940,2020-04-03,0.061,0.081,0.07100000000000001,0.9118
777,941,2020-04-02,0.051,0.091,0.071,1.5615
778,943,2020-03-31,0.048,0.088,0.068,0.0581
779,944,2020-03-30,0.046,0.096,0.07100000000000001,0.0532
780,945,2020-03-27,0.058,0.078,0.068,0.0582
781,946,2020-03-26,0.05,0.09,0.07,0.0688
782,947,2020-03-25,0.087,0.107,0.097,0.0643
783,948,2020-03-24,0.076,0.126,0.101,0.0721
784,949,2020-03-23,0.075,0.125,0.1,0.092
785,950,2020-03-20,0.104,0.124,0.11399999999999999,0.1136
786,951,2020-03-19,0.13,0.15,0.14,0.1293
787,952,2020-03-18,0.097,0.137,0.117,0.1381
788,953,2020-03-17,0.116,0.156,0.136,0.1416
789,954,2020-03-16,0.096,0.146,0.121,0.1778
790,955,2020-03-13,0.157,0.177,0.16699999999999998,0.2103
791,956,2020-03-12,0.113,0.153,0.133,0.0714
792,957,2020-03-11,0.211,0.251,0.23099999999999998,0.082
793,959,2020-03-09,0.307,0.347,0.32699999999999996,0.074
794,960,2020-03-06,0.505,0.545,0.525,0.0727
795,962,2020-03-04,0.763,0.813,0.788,0.0588
796,963,2020-03-03,0.783,0.803,0.793,1.076
797,964,2020-03-02,1.106,1.156,1.131,1.5665
798,965,2020-02-28,1.236,1.256,1.246,1.4043
799,966,2020-02-27,1.353,1.393,1.373,1.4819
800,967,2020-02-26,1.474,1.494,1.484,1.5085
801,968,2020-02-25,1.499,1.519,1.509,1.5191
802,969,2020-02-24,1.496,1.546,1.521,1.5523
803,970,2020-02-21,1.534,1.574,1.554,1.5602
804,971,2020-02-20,1.549,1.569,1.559,1.5563
805,972,2020-02-19,1.543,1.583,1.563,1.5492
806,973,2020-02-18,1.531,1.581,1.556,1.5524
807,974,2020-02-14,1.536,1.586,1.561,1.5549
808,975,2020-02-13,1.554,1.574,1.564,1.5611
809,976,2020-02-12,1.549,1.589,1.569,0.0698
810,977,2020-02-11,1.542,1.592,1.5670000000000002,0.0815
811,978,2020-02-10,1.542,1.582,1.562,0.0718
812,979,2020-02-07,1.559,1.579,1.569,0.0677
813,980,2020-02-06,1.55,1.6,1.5750000000000002,0.0724
814,982,2020-02-04,1.555,1.595,1.575,0.0604
815,983,2020-02-03,1.547,1.587,1.567,1.279
816,984,2020-01-31,1.529,1.579,1.5539999999999998,1.5721
817,985,2020-01-30,1.552,1.602,1.577,1.5825
818,986,2020-01-29,1.574,1.594,1.584,1.5789
819,987,2020-01-28,1.548,1.598,1.573,1.5734
820,988,2020-01-27,1.552,1.572,1.562,1.5843
821,989,2020-01-24,1.551,1.601,1.576,1.5839
822,990,2020-01-23,1.566,1.586,1.576,1.5837
823,991,2020-01-22,1.557,1.597,1.577,1.584
824,992,2020-01-21,1.556,1.596,1.576,1.5877
825,993,2020-01-17,1.555,1.605,1.58,1.5894
826,994,2020-01-16,1.559,1.599,1.579,1.5902
827,995,2020-01-15,1.559,1.599,1.579,1.5941
828,996,2020-01-14,1.566,1.586,1.576,1.5916
829,997,2020-01-13,1.566,1.586,1.576,1.585
830,998,2020-01-10,1.558,1.578,1.568,0.0729
831,999,2020-01-09,1.558,1.578,1.568,0.0747
832,1001,2020-01-07,1.558,1.578,1.568,0.0643
833,1002,2020-01-06,1.544,1.584,1.564,0.0717
834,1005,2019-12-31,1.538,1.588,1.5630000000000002,1.5714
835,1006,2019-12-30,1.554,1.574,1.564,1.579
836,1007,2019-12-27,1.544,1.584,1.564,1.5854
837,1008,2019-12-26,1.547,1.587,1.567,1.5875
838,1009,2019-12-24,1.56,1.58,1.57,1.5864
839,1010,2019-12-23,1.543,1.593,1.568,1.5842
840,1011,2019-12-20,1.545,1.585,1.565,1.5867
841,1012,2019-12-19,1.544,1.584,1.564,1.5915
842,1013,2019-12-18,1.542,1.582,1.562,1.5932
843,1014,2019-12-17,1.553,1.573,1.563,1.5929
844,1015,2019-12-16,1.543,1.583,1.563,1.5952
845,1016,2019-12-13,1.538,1.578,1.558,1.6043
846,1017,2019-12-12,1.532,1.582,1.557,1.6102
847,1018,2019-12-11,1.537,1.577,1.557,1.5958
848,1020,2019-12-09,1.542,1.562,1.552,1.8868
849,1021,2019-12-06,1.541,1.561,1.551,2.3178
850,1023,2019-12-04,1.537,1.557,1.547,2.4222
851,1024,2019-12-03,1.53,1.57,1.55,2.4381
852,1025,2019-12-02,1.547,1.567,1.557,2.4521
853,1026,2019-11-29,1.546,1.566,1.556,1.6167
854,1027,2019-11-27,1.55,1.57,1.56,1.6176
855,1028,2019-11-26,1.546,1.566,1.556,1.6182
856,1029,2019-11-25,1.531,1.581,1.556,1.6199
857,1030,2019-11-22,1.529,1.569,1.549,1.6157
858,1031,2019-11-21,1.541,1.561,1.551,1.5987
859,1032,2019-11-20,1.534,1.554,1.544,1.5966
860,1033,2019-11-19,1.533,1.553,1.543,1.5897
861,1034,2019-11-18,1.518,1.568,1.5430000000000001,1.5923
862,1035,2019-11-15,1.535,1.555,1.545,1.5925
863,1036,2019-11-14,1.516,1.566,1.541,1.6013
864,1037,2019-11-13,1.52,1.57,1.545,1.6013
865,1038,2019-11-12,1.543,1.563,1.553,1.6037
866,1041,2019-11-07,1.532,1.572,1.552,2.1529
867,1042,2019-11-06,1.529,1.579,1.5539999999999998,2.3106
868,1044,2019-11-04,1.533,1.583,1.5579999999999998,2.4208
869,1045,2019-11-01,1.532,1.582,1.557,2.4448
870,1046,2019-10-31,1.531,1.551,1.541,1.6055
871,1047,2019-10-30,1.544,1.564,1.554,1.6237
872,1048,2019-10-29,1.557,1.577,1.567,1.6396
873,1049,2019-10-28,1.572,1.592,1.582,1.6392
874,1050,2019-10-25,1.576,1.596,1.586,1.6358
875,1051,2019-10-24,1.558,1.598,1.578,1.6396
876,1052,2019-10-23,1.56,1.6,1.58,1.6514
877,1053,2019-10-22,1.586,1.606,1.596,1.6543
878,1054,2019-10-21,1.579,1.619,1.599,1.6576
879,1055,2019-10-18,1.596,1.616,1.606,1.6719
880,1056,2019-10-17,1.603,1.653,1.6280000000000001,1.6724
881,1057,2019-10-16,1.605,1.655,1.63,1.6911
882,1058,2019-10-15,1.645,1.665,1.655,1.6975
883,1061,2019-10-10,1.623,1.643,1.633,1.6678
884,1062,2019-10-09,1.623,1.643,1.633,1.8944
885,1064,2019-10-07,1.654,1.674,1.664,2.1996
886,1065,2019-10-04,1.656,1.676,1.666,2.4238
887,1068,2019-10-01,1.709,1.729,1.719,2.4481
888,1069,2019-09-30,1.753,1.773,1.763,1.828
889,1070,2019-09-27,1.752,1.772,1.762,1.8367
890,1071,2019-09-26,1.767,1.787,1.777,1.8609
891,1072,2019-09-25,1.78,1.8,1.79,1.8714
892,1073,2019-09-24,1.769,1.789,1.779,1.8552
893,1074,2019-09-23,1.772,1.792,1.782,1.8868
894,1075,2019-09-20,1.782,1.802,1.792,1.9539
895,1076,2019-09-19,1.802,1.822,1.812,1.898
896,1077,2019-09-18,1.833,1.853,1.843,1.9195
897,1078,2019-09-17,1.839,1.859,1.849,1.9221
898,1079,2019-09-16,1.837,1.857,1.847,1.902
899,1080,2019-09-13,1.838,1.858,1.848,1.8939
900,1081,2019-09-12,1.818,1.838,1.828,1.6075
901,1083,2019-09-10,1.825,1.845,1.835,1.6857
902,1084,2019-09-09,1.818,1.838,1.828,1.896
903,1086,2019-09-05,1.817,1.837,1.827,2.4203
904,1087,2019-09-04,1.79,1.81,1.8,2.4213
905,1089,2019-08-30,1.842,1.862,1.852,1.9139
906,1090,2019-08-29,1.843,1.863,1.853,1.9086
907,1091,2019-08-28,1.856,1.876,1.866,1.9355
908,1092,2019-08-27,1.862,1.882,1.8719999999999999,1.9258
909,1093,2019-08-26,1.866,1.886,1.876,1.915
910,1094,2019-08-23,1.844,1.864,1.854,1.9477
911,1095,2019-08-22,1.889,1.909,1.899,1.9275
912,1096,2019-08-21,1.883,1.903,1.893,1.9361
913,1097,2019-08-20,1.871,1.891,1.881,1.9491
914,1098,2019-08-19,1.879,1.899,1.889,1.9286
915,1099,2019-08-16,1.861,1.881,1.871,1.927
916,1100,2019-08-15,1.826,1.846,1.836,1.9545
917,1101,2019-08-14,1.873,1.893,1.883,1.9824
918,1102,2019-08-13,1.924,1.944,1.934,1.9709
919,1105,2019-08-08,1.918,1.938,1.928,1.9628
920,1106,2019-08-07,1.9,1.92,1.91,2.1995
921,1108,2019-08-05,1.927,1.947,1.937,2.4198
922,1109,2019-08-02,1.99,2.01,2.0,2.4468
923,1110,2019-08-01,2.022,2.042,2.032,2.4298
924,1111,2019-07-31,2.067,2.087,2.077,2.1115
925,1112,2019-07-30,2.026,2.046,2.0359999999999996,2.1142
926,1113,2019-07-29,2.022,2.042,2.032,2.1354
927,1114,2019-07-26,2.041,2.061,2.051,2.1255
928,1115,2019-07-25,2.041,2.061,2.051,2.1192
929,1116,2019-07-24,2.04,2.06,2.05,2.1316
930,1117,2019-07-23,2.058,2.078,2.0679999999999996,2.128
931,1118,2019-07-22,2.054,2.074,2.064,2.1024
932,1119,2019-07-19,2.053,2.073,2.0629999999999997,2.1066
933,1120,2019-07-18,1.977,1.997,1.987,2.1216
934,1121,2019-07-17,2.047,2.067,2.0570000000000004,2.1312
935,1122,2019-07-16,2.067,2.087,2.077,2.1279
936,1123,2019-07-15,2.069,2.089,2.0789999999999997,2.1373
937,1125,2019-07-11,2.104,2.124,2.114,1.5954
938,1126,2019-07-10,2.098,2.118,2.1079999999999997,1.71
939,1128,2019-07-08,2.148,2.168,2.1580000000000004,2.0065
940,1129,2019-07-05,2.151,2.171,2.1609999999999996,2.4195
941,1130,2019-07-03,2.106,2.126,2.1159999999999997,2.4453
942,1131,2019-07-02,2.122,2.142,2.1319999999999997,2.4479
943,1132,2019-07-01,2.145,2.165,2.1550000000000002,2.4276
944,1133,2019-06-28,2.118,2.138,2.128,2.1804
945,1134,2019-06-27,2.126,2.146,2.136,2.1936
946,1135,2019-06-26,2.148,2.168,2.1580000000000004,2.1823
947,1136,2019-06-25,2.151,2.171,2.1609999999999996,2.1914
948,1137,2019-06-24,2.137,2.157,2.1470000000000002,2.211
949,1138,2019-06-21,2.157,2.177,2.167,2.1971
950,1139,2019-06-20,2.159,2.179,2.1689999999999996,2.2484
951,1140,2019-06-19,2.177,2.197,2.1870000000000003,2.2541
952,1141,2019-06-18,2.211,2.231,2.221,2.2693
953,1142,2019-06-17,2.224,2.244,2.234,2.2696
954,1143,2019-06-14,2.219,2.239,2.229,2.281
955,1144,2019-06-13,2.209,2.229,2.2190000000000003,2.2924
956,1145,2019-06-12,2.235,2.255,2.245,1.598
957,1146,2019-06-11,2.258,2.278,2.268,1.6025
958,1149,2019-06-06,2.276,2.296,2.2859999999999996,2.3269
959,1150,2019-06-05,2.27,2.29,2.2800000000000002,2.4291
960,1152,2019-06-03,2.274,2.294,2.284,2.4525
961,1153,2019-05-31,2.317,2.337,2.327,2.4304
962,1154,2019-05-30,2.355,2.375,2.365,2.4304
963,1155,2019-05-29,2.361,2.381,2.371,2.4284
964,1156,2019-05-28,2.362,2.382,2.372,2.425
965,1157,2019-05-24,2.366,2.386,2.3760000000000003,2.416
966,1158,2019-05-23,2.358,2.378,2.3680000000000003,2.4212
967,1159,2019-05-22,2.37,2.39,2.38,2.4154
968,1160,2019-05-21,2.371,2.391,2.3810000000000002,2.4128
969,1161,2019-05-20,2.362,2.382,2.372,2.4048
970,1162,2019-05-17,2.357,2.377,2.367,2.4046
971,1163,2019-05-16,2.359,2.379,2.3689999999999998,2.3952
972,1164,2019-05-15,2.349,2.369,2.359,2.3943
973,1165,2019-05-14,2.346,2.366,2.356,2.3929
974,1166,2019-05-13,2.345,2.365,2.3550000000000004,2.4026
975,1168,2019-05-09,2.363,2.383,2.373,1.8636
976,1169,2019-05-08,2.373,2.393,2.383,2.0705
977,1170,2019-05-07,2.371,2.391,2.3810000000000002,2.153
978,1171,2019-05-06,2.378,2.398,2.388,2.3673
979,1172,2019-05-03,2.386,2.406,2.396,2.4571
980,1173,2019-05-02,2.389,2.409,2.399,2.4492
981,1175,2019-04-30,2.391,2.411,2.401,2.4362
982,1176,2019-04-29,2.394,2.414,2.404,2.4352
983,1177,2019-04-26,2.394,2.414,2.404,2.4362
984,1178,2019-04-25,2.397,2.417,2.407,2.4303
985,1179,2019-04-24,2.389,2.409,2.399,2.4388
986,1180,2019-04-23,2.4,2.42,2.41,2.4446
987,1181,2019-04-22,2.406,2.426,2.4160000000000004,2.4425
988,1183,2019-04-18,2.407,2.427,2.417,2.4393
989,1184,2019-04-17,2.406,2.426,2.4160000000000004,2.429
990,1185,2019-04-16,2.399,2.419,2.409,2.4259
991,1186,2019-04-15,2.399,2.419,2.409,2.4226
992,1187,2019-04-12,2.4,2.42,2.41,1.602
993,1188,2019-04-11,2.396,2.416,2.4059999999999997,1.6004
994,1189,2019-04-10,2.392,2.412,2.402,1.7064
995,1190,2019-04-09,2.392,2.412,2.402,1.89
996,1193,2019-04-04,2.393,2.413,2.4029999999999996,2.4134
997,1194,2019-04-03,2.394,2.414,2.404,2.4587
998,1195,2019-04-02,2.39,2.41,2.4000000000000004,2.4466
999,1196,2019-04-01,2.392,2.412,2.402,2.4296
1000,1197,2019-03-29,2.386,2.406,2.396,2.4127
1001,1198,2019-03-28,2.382,2.402,2.3920000000000003,2.4154
1002,1199,2019-03-27,2.38,2.4,2.3899999999999997,2.4221
1003,1200,2019-03-26,2.39,2.41,2.4000000000000004,2.423
1004,1201,2019-03-25,2.388,2.408,2.3979999999999997,2.4335
1005,1202,2019-03-22,2.396,2.416,2.4059999999999997,2.4433
1006,1203,2019-03-21,2.402,2.422,2.412,2.432
1007,1204,2019-03-20,2.395,2.415,2.4050000000000002,2.4279
1008,1206,2019-03-18,2.4,2.42,2.41,2.4326
1009,1207,2019-03-15,2.392,2.412,2.402,2.436
1010,1208,2019-03-14,2.395,2.415,2.4050000000000002,2.4378
1011,1209,2019-03-13,2.395,2.415,2.4050000000000002,2.4394
1012,1210,2019-03-12,2.395,2.415,2.4050000000000002,1.6128
1013,1213,2019-03-07,2.394,2.414,2.404,2.1654
1014,1214,2019-03-06,2.399,2.419,2.409,2.4033
1015,1215,2019-03-05,2.401,2.421,2.4109999999999996,2.4374
1016,1216,2019-03-04,2.401,2.421,2.4109999999999996,2.4073
1017,1217,2019-03-01,2.402,2.422,2.412,2.4328
1018,1218,2019-02-28,2.399,2.419,2.409,2.4599
1019,1219,2019-02-27,2.398,2.418,2.4080000000000004,2.4602
1020,1220,2019-02-26,2.399,2.419,2.409,2.4586
1021,1221,2019-02-25,2.398,2.418,2.4080000000000004,2.4543
1022,1222,2019-02-22,2.397,2.417,2.407,2.4546
1023,1223,2019-02-21,2.397,2.417,2.407,2.4526
1024,1224,2019-02-20,2.393,2.413,2.4029999999999996,2.4526
1025,1225,2019-02-19,2.393,2.413,2.4029999999999996,2.4566
1026,1226,2019-02-15,2.395,2.415,2.4050000000000002,2.4564
1027,1227,2019-02-14,2.393,2.413,2.4029999999999996,2.4549
1028,1228,2019-02-13,2.396,2.416,2.4059999999999997,2.4527
1029,1229,2019-02-12,2.394,2.414,2.404,1.6168
1030,1231,2019-02-08,2.392,2.412,2.402,2.1295
1031,1232,2019-02-07,2.4,2.42,2.41,2.1663
1032,1234,2019-02-05,2.395,2.415,2.4050000000000002,2.4322
1033,1235,2019-02-04,2.397,2.417,2.407,2.406
1034,1237,2019-01-31,2.396,2.416,2.4059999999999997,2.4542
1035,1238,2019-01-30,2.4,2.42,2.41,2.4534
1036,1239,2019-01-29,2.401,2.421,2.4109999999999996,2.455
1037,1240,2019-01-28,2.401,2.421,2.4109999999999996,2.4611
1038,1241,2019-01-25,2.405,2.425,2.415,2.4614
1039,1242,2019-01-24,2.403,2.423,2.4130000000000003,2.4584
1040,1243,2019-01-23,2.404,2.424,2.4139999999999997,2.4568
1041,1244,2019-01-22,2.399,2.419,2.409,2.4563
1042,1245,2019-01-18,2.401,2.421,2.4109999999999996,2.4512
1043,1246,2019-01-17,2.398,2.418,2.4080000000000004,2.4456
1044,1247,2019-01-16,2.396,2.416,2.4059999999999997,2.4439
1045,1248,2019-01-15,2.397,2.417,2.407,2.4467
1046,1249,2019-01-14,2.399,2.419,2.409,2.4423
1047,1250,2019-01-11,2.4,2.42,2.41,1.59
1048,1251,2019-01-10,2.403,2.423,2.4130000000000003,1.8172
1049,1253,2019-01-08,2.405,2.425,2.415,2.102
1050,1254,2019-01-07,2.397,2.417,2.407,2.1616
1051,1255,2019-01-04,2.394,2.414,2.404,2.4045
1052,1256,2019-01-03,2.383,2.403,2.393,2.4601
1053,1257,2019-01-02,2.395,2.415,2.4050000000000002,2.4507
