date,/SRAU3,dd,mm,yyyy
2023-11-24,94.65,24,11,2023
2023-11-22,94.65,22,11,2023
2023-11-21,94.65,21,11,2023
2023-11-20,94.65,20,11,2023
2023-11-17,94.6525,17,11,2023
2023-11-16,94.65,16,11,2023
2023-11-15,94.65,15,11,2023
2023-11-14,94.65,14,11,2023
2023-11-13,94.6525,13,11,2023
2023-11-10,94.6525,10,11,2023
2023-11-09,94.65,9,11,2023
2023-11-08,94.65,8,11,2023
2023-11-07,94.65,7,11,2023
2023-11-06,94.65,6,11,2023
2023-11-03,94.65,3,11,2023
2023-11-02,94.65,2,11,2023
2023-11-01,94.65,1,11,2023
2023-10-31,94.65,31,10,2023
2023-10-30,94.65,30,10,2023
2023-10-27,94.6525,27,10,2023
2023-10-26,94.65,26,10,2023
2023-10-25,94.6475,25,10,2023
2023-10-24,94.65,24,10,2023
2023-10-23,94.65,23,10,2023
2023-10-20,94.6525,20,10,2023
2023-10-19,94.645,19,10,2023
2023-10-18,94.64,18,10,2023
2023-10-17,94.6325,17,10,2023
2023-10-16,94.64,16,10,2023
2023-10-13,94.6375,13,10,2023
2023-10-12,94.635,12,10,2023
2023-10-11,94.6375,11,10,2023
2023-10-10,94.6325,10,10,2023
2023-10-09,94.635,9,10,2023
2023-10-06,94.6125,6,10,2023
2023-10-05,94.625,5,10,2023
2023-10-04,94.625,4,10,2023
2023-10-03,94.61,3,10,2023
2023-10-02,94.615,2,10,2023
2023-09-29,94.63,29,9,2023
2023-09-28,94.625,28,9,2023
2023-09-27,94.6225,27,9,2023
2023-09-26,94.6275,26,9,2023
2023-09-25,94.625,25,9,2023
2023-09-22,94.6225,22,9,2023
2023-09-21,94.6125,21,9,2023
2023-09-20,94.61,20,9,2023
2023-09-19,94.6075,19,9,2023
2023-09-18,94.605,18,9,2023
2023-09-15,94.6075,15,9,2023
2023-09-14,94.6,14,9,2023
2023-09-13,94.59,13,9,2023
2023-09-12,94.5825,12,9,2023
2023-09-11,94.58,11,9,2023
2023-09-08,94.585,8,9,2023
2023-09-07,94.5825,7,9,2023
2023-09-06,94.58,6,9,2023
2023-09-05,94.58,5,9,2023
2023-09-01,94.595,1,9,2023
2023-08-31,94.5875,31,8,2023
2023-08-30,94.5775,30,8,2023
2023-08-29,94.5675,29,8,2023
2023-08-28,94.54,28,8,2023
2023-08-25,94.545,25,8,2023
2023-08-24,94.565,24,8,2023
2023-08-23,94.5875,23,8,2023
2023-08-22,94.5775,22,8,2023
2023-08-21,94.585,21,8,2023
2023-08-18,94.6,18,8,2023
2023-08-17,94.5875,17,8,2023
2023-08-16,94.585,16,8,2023
2023-08-15,94.59,15,8,2023
2023-08-14,94.5875,14,8,2023
2023-08-11,94.595,11,8,2023
2023-08-10,94.61,10,8,2023
2023-08-09,94.6,9,8,2023
2023-08-08,94.6,8,8,2023
2023-08-07,94.6,7,8,2023
2023-08-04,94.6,4,8,2023
2023-08-03,94.59,3,8,2023
2023-08-02,94.595,2,8,2023
2023-08-01,94.59,1,8,2023
2023-07-31,94.59,31,7,2023
2023-07-28,94.59,28,7,2023
2023-07-27,94.58,27,7,2023
2023-07-26,94.575,26,7,2023
2023-07-25,94.57,25,7,2023
2023-07-24,94.585,24,7,2023
2023-07-21,94.6,21,7,2023
2023-07-20,94.59,20,7,2023
2023-07-19,94.605,19,7,2023
2023-07-18,94.6,18,7,2023
2023-07-17,94.6,17,7,2023
2023-07-14,94.605,14,7,2023
2023-07-13,94.63,13,7,2023
2023-07-12,94.61,12,7,2023
2023-07-11,94.57,11,7,2023
2023-07-10,94.585,10,7,2023
2023-07-07,94.58,7,7,2023
2023-07-06,94.565,6,7,2023
2023-07-05,94.605,5,7,2023
2023-07-03,94.595,3,7,2023
2023-06-30,94.6,30,6,2023
2023-06-29,94.58,29,6,2023
2023-06-28,94.635,28,6,2023
2023-06-27,94.635,27,6,2023
2023-06-26,94.655,26,6,2023
2023-06-23,94.665,23,6,2023
2023-06-22,94.645,22,6,2023
2023-06-21,94.66,21,6,2023
2023-06-20,94.67,20,6,2023
2023-06-16,94.69,16,6,2023
2023-06-15,94.71,15,6,2023
2023-06-14,94.7,14,6,2023
2023-06-13,94.73,13,6,2023
2023-06-12,94.735,12,6,2023
2023-06-09,94.76,9,6,2023
2023-06-08,94.795,8,6,2023
2023-06-07,94.78,7,6,2023
2023-06-06,94.785,6,6,2023
2023-06-05,94.785,5,6,2023
2023-06-02,94.77,2,6,2023
2023-06-01,94.875,1,6,2023
2023-05-31,94.83,31,5,2023
2023-05-30,94.775,30,5,2023
2023-05-26,94.755,26,5,2023
2023-05-25,94.785,25,5,2023
2023-05-24,94.885,24,5,2023
2023-05-23,94.96,23,5,2023
2023-05-22,94.985,22,5,2023
2023-05-19,95.04,19,5,2023
2023-05-18,95.02,18,5,2023
2023-05-17,95.115,17,5,2023
2023-05-16,95.15,16,5,2023
2023-05-15,95.21,15,5,2023
2023-05-12,95.225,12,5,2023
2023-05-11,95.305,11,5,2023
2023-05-10,95.32,10,5,2023
2023-05-09,95.225,9,5,2023
2023-05-08,95.24,8,5,2023
2023-05-05,95.31,5,5,2023
2023-05-04,95.475,4,5,2023
2023-05-03,95.245,3,5,2023
2023-05-02,95.255,2,5,2023
2023-05-01,95.095,1,5,2023
2023-04-28,95.155,28,4,2023
2023-04-27,95.14,27,4,2023
2023-04-26,95.3,26,4,2023
2023-04-25,95.315,25,4,2023
2023-04-24,95.145,24,4,2023
2023-04-21,95.12,21,4,2023
2023-04-20,95.145,20,4,2023
2023-04-19,95.085,19,4,2023
2023-04-18,95.135,18,4,2023
2023-04-17,95.16,17,4,2023
2023-04-14,95.225,14,4,2023
2023-04-13,95.375,13,4,2023
2023-04-12,95.375,12,4,2023
2023-04-11,95.305,11,4,2023
2023-04-10,95.305,10,4,2023
2023-04-07,95.35,7,4,2023
2023-04-06,95.54,6,4,2023
2023-04-05,95.635,5,4,2023
2023-04-04,95.55,4,4,2023
2023-04-03,95.38,3,4,2023
2023-03-31,95.395,31,3,2023
2023-03-30,95.4,30,3,2023
2023-03-29,95.44,29,3,2023
2023-03-28,95.485,28,3,2023
2023-03-27,95.545,27,3,2023
2023-03-24,95.785,24,3,2023
2023-03-23,95.76,23,3,2023
2023-03-22,95.505,22,3,2023
2023-03-21,95.4,21,3,2023
2023-03-20,95.83,20,3,2023
2023-03-17,95.96,17,3,2023
2023-03-16,95.615,16,3,2023
2023-03-15,95.985,15,3,2023
2023-03-14,95.635,14,3,2023
2023-03-13,95.885,13,3,2023
2023-03-10,94.875,10,3,2023
2023-03-09,94.43,9,3,2023
2023-03-08,94.305,8,3,2023
2023-03-07,94.355,7,3,2023
2023-03-06,94.535,6,3,2023
2023-03-03,94.565,3,3,2023
2023-03-02,94.55,2,3,2023
2023-03-01,94.535,1,3,2023
2023-02-28,94.595,28,2,2023
2023-02-27,94.595,27,2,2023
2023-02-24,94.595,24,2,2023
2023-02-23,94.665,23,2,2023
2023-02-22,94.645,22,2,2023
2023-02-21,94.65,21,2,2023
2023-02-17,94.74,17,2,2023
2023-02-16,94.8,16,2,2023
2023-02-15,94.78,15,2,2023
2023-02-14,94.74,14,2,2023
2023-02-13,94.85,13,2,2023
2023-02-10,94.87,10,2,2023
2023-02-09,94.9,9,2,2023
2023-02-08,94.94,8,2,2023
2023-02-07,94.935,7,2,2023
2023-02-06,94.96,6,2,2023
2023-02-03,95.115,3,2,2023
2023-02-02,95.33,2,2,2023
2023-02-01,95.315,1,2,2023
2023-01-31,95.26,31,1,2023
2023-01-30,95.225,30,1,2023
2023-01-27,95.265,27,1,2023
2023-01-26,95.285,26,1,2023
2023-01-25,95.315,25,1,2023
2023-01-24,95.255,24,1,2023
2023-01-23,95.24,23,1,2023
2023-01-20,95.285,20,1,2023
2023-01-19,95.315,19,1,2023
2023-01-18,95.36,18,1,2023
2023-01-17,95.295,17,1,2023
2023-01-13,95.24,13,1,2023
2023-01-12,95.315,12,1,2023
2023-01-11,95.275,11,1,2023
2023-01-10,95.26,10,1,2023
2023-01-09,95.295,9,1,2023
2023-01-06,95.24,6,1,2023
2023-01-05,95.105,5,1,2023
2023-01-04,95.185,4,1,2023
2023-01-03,95.2,3,1,2023
2022-12-30,95.185,30,12,2022
2022-12-29,95.23,29,12,2022
2022-12-28,95.23,28,12,2022
2022-12-27,95.21,27,12,2022
2022-12-23,95.305,23,12,2022
2022-12-22,95.355,22,12,2022
2022-12-21,95.4,21,12,2022
2022-12-20,95.35,20,12,2022
2022-12-19,95.345,19,12,2022
2022-12-16,95.405,16,12,2022
2022-12-15,95.32,15,12,2022
2022-12-14,95.36,14,12,2022
2022-12-13,95.37,13,12,2022
2022-12-12,95.19,12,12,2022
2022-12-09,95.235,9,12,2022
2022-12-08,95.255,8,12,2022
2022-12-07,95.315,7,12,2022
2022-12-06,95.225,6,12,2022
2022-12-05,95.17,5,12,2022
2022-12-02,95.31,2,12,2022
2022-12-01,95.355,1,12,2022
2022-11-30,95.26,30,11,2022
2022-11-29,95.145,29,11,2022
2022-11-28,95.155,28,11,2022
2022-11-25,95.145,25,11,2022
2022-11-23,95.14,23,11,2022
2022-11-22,95.105,22,11,2022
2022-11-21,95.11,21,11,2022
2022-11-18,95.155,18,11,2022
2022-11-17,95.235,17,11,2022
2022-11-16,95.33,16,11,2022
2022-11-15,95.345,15,11,2022
2022-11-14,95.3,14,11,2022
2022-11-11,95.37,11,11,2022
2022-11-10,95.415,10,11,2022
2022-11-09,95.1,9,11,2022
2022-11-08,95.055,8,11,2022
2022-11-07,94.99,7,11,2022
2022-11-04,95.055,4,11,2022
2022-11-03,94.98,3,11,2022
2022-11-02,95.115,2,11,2022
2022-11-01,95.19,1,11,2022
2022-10-31,95.26,31,10,2022
2022-10-28,95.355,28,10,2022
2022-10-27,95.495,27,10,2022
2022-10-26,95.375,26,10,2022
2022-10-25,95.29,25,10,2022
2022-10-24,95.26,24,10,2022
2022-10-21,95.265,21,10,2022
2022-10-20,95.115,20,10,2022
2022-10-19,95.21,19,10,2022
2022-10-18,95.325,18,10,2022
2022-10-17,95.28,17,10,2022
2022-10-14,95.23,14,10,2022
2022-10-13,95.32,13,10,2022
2022-10-12,95.535,12,10,2022
2022-10-11,95.5,11,10,2022
2022-10-10,95.445,10,10,2022
2022-10-07,95.49,7,10,2022
2022-10-06,95.59,6,10,2022
2022-10-05,95.705,5,10,2022
2022-10-04,95.78,4,10,2022
2022-10-03,95.765,3,10,2022
2022-09-30,95.68,30,9,2022
2022-09-29,95.705,29,9,2022
2022-09-28,95.765,28,9,2022
2022-09-27,95.525,27,9,2022
2022-09-26,95.405,26,9,2022
2022-09-23,95.445,23,9,2022
2022-09-22,95.54,22,9,2022
2022-09-21,95.72,21,9,2022
2022-09-20,95.795,20,9,2022
2022-09-19,95.805,19,9,2022
2022-09-16,95.905,16,9,2022
2022-09-15,95.86,15,9,2022
2022-09-14,95.98,14,9,2022
2022-09-13,96.045,13,9,2022
2022-09-12,96.255,12,9,2022
2022-09-09,96.25,9,9,2022
2022-09-08,96.33,8,9,2022
2022-09-07,96.37,7,9,2022
2022-09-06,96.295,6,9,2022
2022-09-02,96.42,2,9,2022
2022-09-01,96.265,1,9,2022
2022-08-31,96.335,31,8,2022
2022-08-30,96.32,30,8,2022
2022-08-29,96.38,29,8,2022
2022-08-26,96.44,26,8,2022
2022-08-25,96.475,25,8,2022
2022-08-24,96.465,24,8,2022
2022-08-23,96.51,23,8,2022
2022-08-22,96.45,22,8,2022
2022-08-19,96.58,19,8,2022
2022-08-18,96.625,18,8,2022
2022-08-17,96.58,17,8,2022
2022-08-16,96.665,16,8,2022
2022-08-15,96.71,15,8,2022
2022-08-12,96.645,12,8,2022
2022-08-11,96.705,11,8,2022
2022-08-10,96.765,10,8,2022
2022-08-09,96.72,9,8,2022
2022-08-08,96.805,8,8,2022
2022-08-05,96.77,5,8,2022
2022-08-04,97.01,4,8,2022
2022-08-03,96.905,3,8,2022
2022-08-02,96.97,2,8,2022
2022-08-01,97.185,1,8,2022
2022-07-29,97.21,29,7,2022
2022-07-28,97.235,28,7,2022
2022-07-27,97.12,27,7,2022
2022-07-26,97.065,26,7,2022
2022-07-25,97.085,25,7,2022
2022-07-22,97.155,22,7,2022
2022-07-21,97,21,7,2022
2022-07-20,96.795,20,7,2022
2022-07-19,96.8,19,7,2022
2022-07-18,96.9,18,7,2022
2022-07-15,96.92,15,7,2022
2022-07-14,96.905,14,7,2022
2022-07-13,96.955,13,7,2022
2022-07-12,97,12,7,2022
2022-07-11,96.935,11,7,2022
2022-07-08,96.825,8,7,2022
2022-07-07,96.935,7,7,2022
2022-07-06,97.045,6,7,2022
2022-07-05,97.23,5,7,2022
2022-07-01,97.16,1,7,2022
2022-06-30,97.015,30,6,2022
2022-06-29,96.805,29,6,2022
2022-06-28,96.705,28,6,2022
2022-06-27,96.71,27,6,2022
2022-06-24,96.765,24,6,2022
2022-06-23,96.795,23,6,2022
2022-06-22,96.68,22,6,2022
2022-06-21,96.495,21,6,2022
2022-06-17,96.47,17,6,2022
2022-06-16,96.465,16,6,2022
2022-06-15,96.385,15,6,2022
2022-06-14,96.175,14,6,2022
2022-06-13,96.19,13,6,2022
2022-06-10,96.46,10,6,2022
2022-06-09,96.71,9,6,2022
2022-06-08,96.795,8,6,2022
2022-06-07,96.835,7,6,2022
2022-06-06,96.805,6,6,2022
2022-06-03,96.89,3,6,2022
2022-06-02,96.95,2,6,2022
2022-06-01,96.93,1,6,2022
2022-05-31,97.105,31,5,2022
2022-05-27,97.165,27,5,2022
2022-05-26,97.195,26,5,2022
2022-05-25,97.215,25,5,2022
2022-05-24,97.205,24,5,2022
2022-05-23,97.045,23,5,2022
2022-05-20,97.09,20,5,2022
2022-05-19,97.02,19,5,2022
2022-05-18,96.95,18,5,2022
2022-05-17,96.905,17,5,2022
2022-05-16,97.085,16,5,2022
2022-05-13,97.025,13,5,2022
2022-05-12,97.105,12,5,2022
2022-05-11,96.945,11,5,2022
2022-05-10,96.925,10,5,2022
2022-05-09,96.885,9,5,2022
2022-05-06,96.75,6,5,2022
2022-05-05,96.705,5,5,2022
2022-05-04,96.84,4,5,2022
2022-05-03,96.675,3,5,2022
2022-05-02,96.685,2,5,2022
2022-04-29,96.75,29,4,2022
2022-04-28,96.805,28,4,2022
2022-04-27,96.91,27,4,2022
2022-04-26,96.945,26,4,2022
2022-04-25,96.82,25,4,2022
2022-04-22,96.69,22,4,2022
2022-04-21,96.665,21,4,2022
2022-04-20,96.795,20,4,2022
2022-04-19,96.775,19,4,2022
2022-04-18,96.93,18,4,2022
2022-04-14,96.96,14,4,2022
2022-04-13,97.09,13,4,2022
2022-04-12,97.045,12,4,2022
2022-04-11,96.85,11,4,2022
2022-04-08,96.79,8,4,2022
2022-04-07,96.91,7,4,2022
2022-04-06,96.85,6,4,2022
2022-04-05,96.845,5,4,2022
2022-04-04,96.95,4,4,2022
2022-04-01,96.95,1,4,2022
2022-03-31,97.14,31,3,2022
2022-03-30,97.095,30,3,2022
2022-03-29,97.055,29,3,2022
2022-03-28,97.045,28,3,2022
2022-03-25,97.115,25,3,2022
2022-03-24,97.325,24,3,2022
2022-03-23,97.345,23,3,2022
2022-03-22,97.285,22,3,2022
2022-03-21,97.29,21,3,2022
2022-03-18,97.49,18,3,2022
2022-03-17,97.505,17,3,2022
2022-03-16,97.495,16,3,2022
2022-03-15,97.64,15,3,2022
2022-03-14,97.66,14,3,2022
2022-03-11,97.815,11,3,2022
2022-03-10,97.86,10,3,2022
2022-03-09,97.905,9,3,2022
2022-03-08,97.99,8,3,2022
2022-03-07,98.115,7,3,2022
2022-03-04,98.175,4,3,2022
2022-03-03,98.07,3,3,2022
2022-03-02,98.095,2,3,2022
2022-03-01,98.365,1,3,2022
2022-02-28,98.125,28,2,2022
2022-02-25,97.91,25,2,2022
2022-02-24,97.96,24,2,2022
2022-02-23,97.93,23,2,2022
2022-02-22,97.965,22,2,2022
2022-02-18,98.03,18,2,2022
2022-02-17,98.01,17,2,2022
2022-02-16,97.94,16,2,2022
2022-02-15,97.9,15,2,2022
2022-02-14,97.91,14,2,2022
2022-02-11,97.99,11,2,2022
2022-02-10,97.915,10,2,2022
2022-02-09,98.13,9,2,2022
2022-02-08,98.125,8,2,2022
2022-02-07,98.185,7,2,2022
2022-02-04,98.17,4,2,2022
2022-02-03,98.315,3,2,2022
2022-02-02,98.36,2,2,2022
2022-02-01,98.36,1,2,2022
2022-01-31,98.37,31,1,2022
2022-01-28,98.34,28,1,2022
2022-01-27,98.31,27,1,2022
2022-01-26,98.4,26,1,2022
2022-01-25,98.5,25,1,2022
2022-01-24,98.55,24,1,2022
2022-01-21,98.455,21,1,2022
2022-01-20,98.365,20,1,2022
2022-01-19,98.39,19,1,2022
2022-01-18,98.35,18,1,2022
2022-01-14,98.425,14,1,2022
2022-01-13,98.53,13,1,2022
2022-01-12,98.51,12,1,2022
2022-01-11,98.49,11,1,2022
2022-01-10,98.46,10,1,2022
2022-01-07,98.51,7,1,2022
2022-01-06,98.54,6,1,2022
2022-01-05,98.59,5,1,2022
2022-01-04,98.68,4,1,2022
2022-01-03,98.65,3,1,2022
2021-12-31,98.75,31,12,2021
2021-12-30,98.735,30,12,2021
2021-12-29,98.71,29,12,2021
2021-12-28,98.725,28,12,2021
2021-12-27,98.71,27,12,2021
2021-12-23,98.73,23,12,2021
2021-12-22,98.745,22,12,2021
2021-12-21,98.735,21,12,2021
2021-12-20,98.81,20,12,2021
2021-12-17,98.79,17,12,2021
2021-12-16,98.805,16,12,2021
2021-12-15,98.69,15,12,2021
2021-12-14,98.715,14,12,2021
2021-12-13,98.74,13,12,2021
2021-12-10,98.68,10,12,2021
2021-12-09,98.64,9,12,2021
2021-12-08,98.64,8,12,2021
2021-12-07,98.615,7,12,2021
2021-12-06,98.675,6,12,2021
2021-12-03,98.75,3,12,2021
2021-12-02,98.69,2,12,2021
2021-12-01,98.755,1,12,2021
2021-11-30,98.785,30,11,2021
2021-11-29,98.79,29,11,2021
2021-11-26,98.795,26,11,2021
2021-11-24,98.585,24,11,2021
2021-11-23,98.635,23,11,2021
2021-11-22,98.62,22,11,2021
2021-11-19,98.765,19,11,2021
2021-11-18,98.765,18,11,2021
2021-11-17,98.745,17,11,2021
2021-11-16,98.705,16,11,2021
2021-11-15,98.715,15,11,2021
2021-11-12,98.725,12,11,2021
2021-11-11,98.705,11,11,2021
2021-11-10,98.78,10,11,2021
2021-11-09,98.965,9,11,2021
2021-11-08,98.925,8,11,2021
2021-11-05,99.025,5,11,2021
2021-11-04,98.955,4,11,2021
2021-11-03,98.84,3,11,2021
2021-11-02,98.89,2,11,2021
2021-11-01,98.805,1,11,2021
2021-10-29,98.845,29,10,2021
2021-10-28,98.87,28,10,2021
2021-10-27,98.88,27,10,2021
2021-10-26,98.89,26,10,2021
2021-10-25,98.9,25,10,2021
2021-10-22,98.855,22,10,2021
2021-10-21,98.88,21,10,2021
2021-10-20,98.975,20,10,2021
2021-10-19,98.95,19,10,2021
2021-10-18,98.91,18,10,2021
2021-10-15,98.975,15,10,2021
2021-10-14,99.08,14,10,2021
2021-10-13,99.035,13,10,2021
2021-10-12,99.095,12,10,2021
2021-10-11,99.11,11,10,2021
2021-10-08,99.165,8,10,2021
2021-10-07,99.21,7,10,2021
2021-10-06,99.245,6,10,2021
2021-10-05,99.265,5,10,2021
2021-10-04,99.3,4,10,2021
2021-10-01,99.3,1,10,2021
2021-09-30,99.25,30,9,2021
2021-09-29,99.235,29,9,2021
2021-09-28,99.2,28,9,2021
2021-09-27,99.205,27,9,2021
2021-09-24,99.22,24,9,2021
2021-09-23,99.235,23,9,2021
2021-09-22,99.285,22,9,2021
2021-09-21,99.36,21,9,2021
2021-09-20,99.36,20,9,2021
2021-09-17,99.315,17,9,2021
2021-09-16,99.34,16,9,2021
2021-09-15,99.375,15,9,2021
2021-09-14,99.39,14,9,2021
2021-09-13,99.38,13,9,2021
2021-09-10,99.375,10,9,2021
2021-09-09,99.39,9,9,2021
2021-09-08,99.38,8,9,2021
2021-09-07,99.375,7,9,2021
2021-09-03,99.415,3,9,2021
2021-09-02,99.41,2,9,2021
2021-09-01,99.4,1,9,2021
2021-08-31,99.41,31,8,2021
2021-08-30,99.405,30,8,2021
2021-08-27,99.365,27,8,2021
2021-08-26,99.325,26,8,2021
2021-08-25,99.33,25,8,2021
2021-08-24,99.36,24,8,2021
2021-08-23,99.38,23,8,2021
2021-08-20,99.36,20,8,2021
2021-08-19,99.37,19,8,2021
2021-08-18,99.365,18,8,2021
2021-08-17,99.375,17,8,2021
2021-08-16,99.4,16,8,2021
2021-08-13,99.355,13,8,2021
2021-08-12,99.32,12,8,2021
2021-08-11,99.335,11,8,2021
2021-08-10,99.305,10,8,2021
2021-08-09,99.335,9,8,2021
2021-08-06,99.365,6,8,2021
2021-08-05,99.42,5,8,2021
2021-08-04,99.48,4,8,2021
2021-08-03,99.53,3,8,2021
2021-08-02,99.52,2,8,2021
2021-07-30,99.46,30,7,2021
2021-07-29,99.425,29,7,2021
2021-07-28,99.405,28,7,2021
2021-07-27,99.47,27,7,2021
2021-07-26,99.445,26,7,2021
2021-07-23,99.455,23,7,2021
2021-07-22,99.46,22,7,2021
2021-07-21,99.445,21,7,2021
2021-07-20,99.51,20,7,2021
2021-07-19,99.48,19,7,2021
2021-07-16,99.34,16,7,2021
2021-07-15,99.335,15,7,2021
2021-07-14,99.33,14,7,2021
2021-07-13,99.285,13,7,2021
2021-07-12,99.365,12,7,2021
2021-07-09,99.37,9,7,2021
2021-07-08,99.435,8,7,2021
2021-07-07,99.355,7,7,2021
2021-07-06,99.34,6,7,2021
2021-07-02,99.285,2,7,2021
2021-07-01,99.225,1,7,2021
2021-06-30,99.26,30,6,2021
2021-06-29,99.25,29,6,2021
2021-06-28,99.255,28,6,2021
2021-06-25,99.23,25,6,2021
2021-06-24,99.255,24,6,2021
2021-06-23,99.265,23,6,2021
2021-06-22,99.31,22,6,2021
2021-06-21,99.285,21,6,2021
2021-06-18,99.26,18,6,2021
2021-06-17,99.295,17,6,2021
2021-06-16,99.35,16,6,2021
2021-06-15,99.46,15,6,2021
2021-06-14,99.465,14,6,2021
2021-06-11,99.495,11,6,2021
2021-06-10,99.52,10,6,2021
2021-06-09,99.51,9,6,2021
2021-06-08,99.48,8,6,2021
2021-06-07,99.455,7,6,2021
2021-06-04,99.465,4,6,2021
2021-06-03,99.42,3,6,2021
2021-06-02,99.465,2,6,2021
2021-06-01,99.44,1,6,2021
2021-05-28,99.455,28,5,2021
2021-05-27,99.45,27,5,2021
2021-05-26,99.475,26,5,2021
2021-05-25,99.48,25,5,2021
2021-05-24,99.44,24,5,2021
2021-05-21,99.415,21,5,2021
2021-05-20,99.425,20,5,2021
2021-05-19,99.385,19,5,2021
2021-05-18,99.42,18,5,2021
2021-05-17,99.42,17,5,2021
2021-05-14,99.42,14,5,2021
2021-05-13,99.415,13,5,2021
2021-05-12,99.38,12,5,2021
2021-05-11,99.465,11,5,2021
2021-05-10,99.485,10,5,2021
2021-05-07,99.485,7,5,2021
2021-05-06,99.425,6,5,2021
2021-05-05,99.415,5,5,2021
2021-05-04,99.405,4,5,2021
2021-05-03,99.385,3,5,2021
2021-04-30,99.36,30,4,2021
2021-04-29,99.355,29,4,2021
2021-04-28,99.35,28,4,2021
2021-04-27,99.335,27,4,2021
2021-04-26,99.36,26,4,2021
2021-04-23,99.37,23,4,2021
2021-04-22,99.395,22,4,2021
2021-04-21,99.395,21,4,2021
2021-04-20,99.415,20,4,2021
2021-04-19,99.39,19,4,2021
2021-04-16,99.375,16,4,2021
2021-04-15,99.4,15,4,2021
2021-04-14,99.33,14,4,2021
2021-04-13,99.35,13,4,2021
2021-04-12,99.275,12,4,2021
2021-04-09,99.31,9,4,2021
2021-04-08,99.335,8,4,2021
2021-04-07,99.32,7,4,2021
2021-04-06,99.285,6,4,2021
2021-04-05,99.195,5,4,2021
2021-04-02,99.16,2,4,2021
2021-04-01,99.255,1,4,2021
2021-03-31,99.235,31,3,2021
2021-03-30,99.26,30,3,2021
2021-03-29,99.28,29,3,2021
2021-03-26,99.345,26,3,2021
2021-03-25,99.385,25,3,2021
2021-03-24,99.37,24,3,2021
2021-03-23,99.35,23,3,2021
2021-03-22,99.335,22,3,2021
2021-03-19,99.32,19,3,2021
2021-03-18,99.345,18,3,2021
2021-03-17,99.4,17,3,2021
2021-03-16,99.335,16,3,2021
2021-03-15,99.32,15,3,2021
2021-03-12,99.305,12,3,2021
2021-03-11,99.36,11,3,2021
2021-03-10,99.365,10,3,2021
2021-03-09,99.315,9,3,2021
2021-03-08,99.275,8,3,2021
2021-03-05,99.33,5,3,2021
2021-03-04,99.31,4,3,2021
2021-03-03,99.365,3,3,2021
2021-03-02,99.42,2,3,2021
2021-03-01,99.385,1,3,2021
2021-02-26,99.305,26,2,2021
2021-02-25,99.315,25,2,2021
2021-02-24,99.515,24,2,2021
2021-02-23,99.54,23,2,2021
2021-02-22,99.535,22,2,2021
2021-02-19,99.57,19,2,2021
2021-02-18,99.595,18,2,2021
2021-02-17,99.58,17,2,2021
2021-02-16,99.58,16,2,2021
2021-02-12,99.655,12,2,2021
2021-02-11,99.675,11,2,2021
2021-02-10,99.685,10,2,2021
2021-02-09,99.67,9,2,2021
2021-02-08,99.66,8,2,2021
2021-02-05,99.68,5,2,2021
2021-02-04,99.685,4,2,2021
2021-02-03,99.69,3,2,2021
2021-02-02,99.705,2,2,2021
2021-02-01,99.72,1,2,2021
2021-01-29,99.715,29,1,2021
2021-01-28,99.72,28,1,2021
2021-01-27,99.74,27,1,2021
2021-01-26,99.725,26,1,2021
2021-01-25,99.73,25,1,2021
2021-01-22,99.715,22,1,2021
2021-01-21,99.71,21,1,2021
2021-01-20,99.72,20,1,2021
2021-01-19,99.72,19,1,2021
2021-01-15,99.71,15,1,2021
2021-01-14,99.7,14,1,2021
2021-01-13,99.68,13,1,2021
2021-01-12,99.655,12,1,2021
2021-01-11,99.655,11,1,2021
2021-01-08,99.66,8,1,2021
2021-01-07,99.695,7,1,2021
2021-01-06,99.755,6,1,2021
2021-01-05,99.795,5,1,2021
2021-01-04,99.805,4,1,2021
2020-12-31,99.795,31,12,2020
2020-12-30,99.785,30,12,2020
2020-12-29,99.775,29,12,2020
2020-12-28,99.77,28,12,2020
2020-12-24,99.775,24,12,2020
2020-12-23,99.775,23,12,2020
2020-12-22,99.78,22,12,2020
2020-12-21,99.775,21,12,2020
2020-12-18,99.775,18,12,2020
2020-12-17,99.775,17,12,2020
2020-12-16,99.785,16,12,2020
2020-12-15,99.79,15,12,2020
2020-12-14,99.79,14,12,2020
2020-12-11,99.79,11,12,2020
2020-12-10,99.775,10,12,2020
2020-12-09,99.755,9,12,2020
2020-12-08,99.76,8,12,2020
2020-12-07,99.76,7,12,2020
2020-12-04,99.74,4,12,2020
2020-12-03,99.755,3,12,2020
2020-12-02,99.76,2,12,2020
2020-12-01,99.76,1,12,2020
2020-11-30,99.785,30,11,2020
2020-11-27,99.79,27,11,2020
2020-11-25,99.785,25,11,2020
2020-11-24,99.78,24,11,2020
2020-11-23,99.775,23,11,2020
2020-11-20,99.79,20,11,2020
2020-11-19,99.785,19,11,2020
2020-11-18,99.785,18,11,2020
2020-11-17,99.79,17,11,2020
2020-11-16,99.78,16,11,2020
2020-11-13,99.78,13,11,2020
2020-11-12,99.775,12,11,2020
2020-11-11,99.755,11,11,2020
2020-11-10,99.755,10,11,2020
2020-11-09,99.79,9,11,2020
2020-11-06,99.835,6,11,2020
2020-11-05,99.84,5,11,2020
2020-11-04,99.86,4,11,2020
2020-11-03,99.83,3,11,2020
2020-11-02,99.84,2,11,2020
2020-10-30,99.835,30,10,2020
2020-10-29,99.84,29,10,2020
2020-10-28,99.85,28,10,2020
2020-10-27,99.85,27,10,2020
2020-10-26,99.845,26,10,2020
2020-10-23,99.835,23,10,2020
2020-10-22,99.825,22,10,2020
2020-10-21,99.85,21,10,2020
2020-10-20,99.85,20,10,2020
2020-10-19,99.86,19,10,2020
2020-10-16,99.87,16,10,2020
2020-10-15,99.865,15,10,2020
2020-10-14,99.87,14,10,2020
2020-10-13,99.865,13,10,2020
2020-10-12,99.85,12,10,2020
2020-10-09,99.845,9,10,2020
2020-10-08,99.86,8,10,2020
2020-10-07,99.855,7,10,2020
2020-10-06,99.88,6,10,2020
2020-10-05,99.88,5,10,2020
2020-10-02,99.93,2,10,2020
2020-10-01,99.93,1,10,2020
2020-09-30,99.93,30,9,2020
2020-09-29,99.935,29,9,2020
2020-09-28,99.935,28,9,2020
2020-09-25,99.945,25,9,2020
2020-09-24,99.945,24,9,2020
2020-09-23,99.95,23,9,2020
2020-09-22,99.95,22,9,2020
2020-09-21,99.94,21,9,2020
2020-09-18,99.92,18,9,2020
2020-09-17,99.935,17,9,2020
2020-09-16,99.93,16,9,2020
2020-09-15,99.95,15,9,2020
2020-09-14,99.955,14,9,2020
2020-09-11,99.945,11,9,2020
2020-09-10,99.92,10,9,2020
2020-09-09,99.915,9,9,2020
2020-09-08,99.92,8,9,2020
2020-09-04,99.91,4,9,2020
2020-09-03,99.94,3,9,2020
2020-09-02,99.93,2,9,2020
2020-09-01,99.94,1,9,2020
2020-08-31,99.935,31,8,2020
2020-08-28,99.93,28,8,2020
2020-08-27,99.91,27,8,2020
2020-08-26,99.92,26,8,2020
2020-08-25,99.925,25,8,2020
2020-08-24,99.935,24,8,2020
2020-08-21,99.93,21,8,2020
2020-08-20,99.94,20,8,2020
2020-08-19,99.94,19,8,2020
2020-08-18,99.93,18,8,2020
2020-08-17,99.915,17,8,2020
2020-08-14,99.905,14,8,2020
2020-08-13,99.905,13,8,2020
2020-08-12,99.91,12,8,2020
2020-08-11,99.91,11,8,2020
2020-08-10,99.945,10,8,2020
2020-08-07,99.955,7,8,2020
2020-08-06,99.975,6,8,2020
2020-08-05,99.98,5,8,2020
2020-08-04,99.99,4,8,2020
2020-08-03,99.98,3,8,2020
2020-07-31,99.975,31,7,2020
2020-07-30,99.97,30,7,2020
2020-07-29,99.95,29,7,2020
2020-07-28,99.94,28,7,2020
2020-07-27,99.935,27,7,2020
2020-07-24,99.945,24,7,2020
2020-07-23,99.95,23,7,2020
2020-07-22,99.95,22,7,2020
2020-07-21,99.945,21,7,2020
2020-07-20,99.945,20,7,2020
2020-07-17,99.94,17,7,2020
2020-07-16,99.94,16,7,2020
2020-07-15,99.935,15,7,2020
2020-07-14,99.945,14,7,2020
2020-07-13,99.945,13,7,2020
2020-07-10,99.96,10,7,2020
2020-07-09,99.975,9,7,2020
2020-07-08,99.96,8,7,2020
2020-07-07,99.955,7,7,2020
2020-07-06,99.95,6,7,2020
2020-07-02,99.95,2,7,2020
2020-07-01,99.94,1,7,2020
2020-06-30,99.96,30,6,2020
2020-06-29,99.96,29,6,2020
2020-06-26,99.95,26,6,2020
2020-06-25,99.93,25,6,2020
2020-06-24,99.93,24,6,2020
2020-06-23,99.93,23,6,2020
2020-06-22,99.925,22,6,2020
2020-06-19,99.915,19,6,2020
2020-06-18,99.895,18,6,2020
2020-06-17,99.89,17,6,2020
2020-06-16,99.87,16,6,2020
2020-06-15,99.885,15,6,2020
2020-06-12,99.875,12,6,2020
2020-06-11,99.885,11,6,2020
2020-06-10,99.86,10,6,2020
2020-06-09,99.81,9,6,2020
2020-06-08,99.775,8,6,2020
2020-06-05,99.77,5,6,2020
2020-06-04,99.835,4,6,2020
2020-06-03,99.85,3,6,2020
2020-06-02,99.885,2,6,2020
2020-06-01,99.89,1,6,2020
2020-05-29,99.88,29,5,2020
2020-05-28,99.86,28,5,2020
2020-05-27,99.865,27,5,2020
2020-05-26,99.87,26,5,2020
2020-05-22,99.875,22,5,2020
2020-05-21,99.87,21,5,2020
2020-05-20,99.87,20,5,2020
2020-05-19,99.875,19,5,2020
2020-05-18,99.875,18,5,2020
2020-05-15,99.92,15,5,2020
2020-05-14,99.895,14,5,2020
2020-05-13,99.885,13,5,2020
2020-05-12,99.865,12,5,2020
2020-05-11,99.865,11,5,2020
2020-05-08,99.885,8,5,2020
2020-05-07,99.895,7,5,2020
2020-05-06,99.84,6,5,2020
2020-05-05,99.825,5,5,2020
2020-05-04,99.83,4,5,2020
2020-05-01,99.815,1,5,2020
2020-04-30,99.82,30,4,2020
2020-04-29,99.81,29,4,2020
2020-04-28,99.795,28,4,2020
2020-04-27,99.79,27,4,2020
2020-04-24,99.8,24,4,2020
2020-04-23,99.8,23,4,2020
2020-04-22,99.795,22,4,2020
2020-04-21,99.805,21,4,2020
2020-04-20,99.785,20,4,2020
2020-04-17,99.775,17,4,2020
2020-04-16,99.76,16,4,2020
2020-04-15,99.75,15,4,2020
2020-04-14,99.72,14,4,2020
2020-04-13,99.705,13,4,2020
2020-04-09,99.715,9,4,2020
2020-04-08,99.695,8,4,2020
2020-04-07,99.68,7,4,2020
2020-04-06,99.725,6,4,2020
2020-04-03,99.785,3,4,2020
2020-04-02,99.78,2,4,2020
2020-04-01,99.795,1,4,2020
2020-03-31,99.77,31,3,2020
2020-03-30,99.8,30,3,2020
2020-03-27,99.755,27,3,2020
2020-03-26,99.735,26,3,2020
2020-03-25,99.705,25,3,2020
2020-03-24,99.7,24,3,2020
2020-03-23,99.76,23,3,2020
2020-03-20,99.68,20,3,2020
2020-03-19,99.62,19,3,2020
2020-03-18,99.515,18,3,2020
2020-03-17,99.62,17,3,2020
2020-03-16,99.67,16,3,2020
2020-03-13,99.595,13,3,2020
2020-03-12,99.635,12,3,2020
2020-03-11,99.565,11,3,2020
2020-03-10,99.555,10,3,2020
2020-03-09,99.675,9,3,2020
2020-03-06,99.6,6,3,2020
2020-03-05,99.515,5,3,2020
2020-03-04,99.465,4,3,2020
2020-03-03,99.405,3,3,2020
2020-03-02,99.335,2,3,2020
2020-02-28,99.335,28,2,2020
2020-02-27,99.135,27,2,2020
2020-02-26,99.08,26,2,2020
2020-02-25,99.09,25,2,2020
2020-02-24,99.035,24,2,2020
2020-02-21,98.925,21,2,2020
2020-02-20,98.86,20,2,2020
2020-02-19,98.815,19,2,2020
2020-02-18,98.84,18,2,2020
2020-02-14,98.81,14,2,2020
2020-02-13,98.775,13,2,2020
2020-02-12,98.775,12,2,2020
2020-02-11,98.815,11,2,2020
2020-02-10,98.845,10,2,2020
2020-02-07,98.81,7,2,2020
2020-02-06,98.755,6,2,2020
2020-02-05,98.775,5,2,2020
2020-02-04,98.815,4,2,2020
2020-02-03,98.9,3,2,2020
2020-01-31,98.915,31,1,2020
2020-01-30,98.86,30,1,2020
2020-01-29,98.815,29,1,2020
2020-01-28,98.765,28,1,2020
2020-01-27,98.8,27,1,2020
2020-01-24,98.715,24,1,2020
2020-01-23,98.66,23,1,2020
2020-01-22,98.64,22,1,2020
2020-01-21,98.625,21,1,2020
2020-01-17,98.57,17,1,2020
2020-01-16,98.585,16,1,2020
2020-01-15,98.595,15,1,2020
2020-01-14,98.585,14,1,2020
2020-01-13,98.57,13,1,2020
2020-01-10,98.575,10,1,2020
2020-01-09,98.56,9,1,2020
2020-01-08,98.555,8,1,2020
2020-01-07,98.6,7,1,2020
2020-01-06,98.61,6,1,2020
2020-01-03,98.615,3,1,2020
2020-01-02,98.525,2,1,2020
2019-12-31,98.515,31,12,2019
2019-12-30,98.52,30,12,2019
2019-12-27,98.52,27,12,2019
2019-12-26,98.48,26,12,2019
2019-12-24,98.48,24,12,2019
2019-12-23,98.46,23,12,2019
2019-12-20,98.5,20,12,2019
2019-12-19,98.515,19,12,2019
2019-12-18,98.495,18,12,2019
2019-12-17,98.515,17,12,2019
2019-12-16,98.525,16,12,2019
2019-12-13,98.6,13,12,2019
2019-12-12,98.52,12,12,2019
2019-12-11,98.605,11,12,2019
2019-12-10,98.565,10,12,2019
2019-12-09,98.58,9,12,2019
2019-12-06,98.59,6,12,2019
2019-12-05,98.65,5,12,2019
2019-12-04,98.665,4,12,2019
2019-12-03,98.74,3,12,2019
2019-12-02,98.62,2,12,2019
2019-11-29,98.655,29,11,2019
2019-11-27,98.645,27,11,2019
2019-11-26,98.685,26,11,2019
2019-11-25,98.675,25,11,2019
2019-11-22,98.66,22,11,2019
2019-11-21,98.68,21,11,2019
2019-11-20,98.71,20,11,2019
2019-11-19,98.675,19,11,2019
2019-11-18,98.65,18,11,2019
2019-11-15,98.625,15,11,2019
2019-11-14,98.635,14,11,2019
2019-11-13,98.585,13,11,2019
2019-11-12,98.535,12,11,2019
2019-11-11,98.505,11,11,2019
2019-11-08,98.515,8,11,2019
2019-11-07,98.5,7,11,2019
2019-11-06,98.61,6,11,2019
2019-11-05,98.585,5,11,2019
2019-11-04,98.645,4,11,2019
2019-11-01,98.695,1,11,2019
2019-10-31,98.765,31,10,2019
2019-10-30,98.64,30,10,2019
2019-10-29,98.62,29,10,2019
2019-10-28,98.625,28,10,2019
2019-10-25,98.655,25,10,2019
2019-10-24,98.7,24,10,2019
2019-10-23,98.71,23,10,2019
2019-10-22,98.69,22,10,2019
2019-10-21,98.665,21,10,2019
2019-10-18,98.705,18,10,2019
2019-10-17,98.68,17,10,2019
2019-10-16,98.705,16,10,2019
2019-10-15,98.665,15,10,2019
2019-10-14,98.72,14,10,2019
2019-10-11,98.7,11,10,2019
2019-10-10,98.83,10,10,2019
2019-10-09,98.895,9,10,2019
2019-10-08,98.95,8,10,2019
2019-10-07,98.94,7,10,2019
2019-10-04,99.01,4,10,2019
2019-10-03,99.02,3,10,2019
2019-10-02,98.92,2,10,2019
2019-10-01,98.845,1,10,2019
2019-09-30,98.775,30,9,2019
2019-09-27,98.785,27,9,2019
2019-09-26,98.775,26,9,2019
2019-09-25,98.76,25,9,2019
2019-09-24,98.86,24,9,2019
2019-09-23,98.765,23,9,2019
2019-09-20,98.725,20,9,2019
2019-09-19,98.74,19,9,2019
2019-09-18,98.705,18,9,2019
2019-09-17,98.71,17,9,2019
2019-09-16,98.67,16,9,2019
2019-09-13,98.61,13,9,2019
2019-09-12,98.705,12,9,2019
2019-09-11,98.79,11,9,2019
2019-09-10,98.815,10,9,2019
2019-09-09,98.915,9,9,2019
2019-09-06,98.99,6,9,2019
2019-09-05,98.995,5,9,2019
2019-09-04,99.125,4,9,2019
2019-09-03,99.085,3,9,2019
2019-08-30,99.005,30,8,2019
2019-08-29,98.98,29,8,2019
2019-08-28,99.02,28,8,2019
2019-08-27,98.975,27,8,2019
2019-08-26,98.93,26,8,2019
2019-08-23,98.955,23,8,2019
2019-08-22,98.85,22,8,2019
2019-08-21,98.88,21,8,2019
2019-08-20,98.915,20,8,2019
2019-08-19,98.875,19,8,2019
2019-08-16,98.935,16,8,2019
2019-08-15,98.93,15,8,2019
2019-08-14,98.86,14,8,2019
2019-08-13,98.775,13,8,2019
2019-08-12,98.88,12,8,2019
2019-08-09,98.8,9,8,2019
2019-08-08,98.845,8,8,2019
2019-08-07,98.92,7,8,2019
2019-08-06,98.825,6,8,2019
2019-08-05,98.89,5,8,2019
2019-08-02,98.675,2,8,2019
2019-08-01,98.655,1,8,2019
2019-07-31,98.465,31,7,2019
2019-07-30,98.475,30,7,2019
2019-07-29,98.485,29,7,2019
2019-07-26,98.465,26,7,2019
2019-07-25,98.49,25,7,2019
2019-07-24,98.515,24,7,2019
2019-07-23,98.51,23,7,2019
2019-07-22,98.54,22,7,2019
2019-07-19,98.52,19,7,2019
2019-07-18,98.57,18,7,2019
2019-07-17,98.485,17,7,2019
2019-07-16,98.43,16,7,2019
2019-07-15,98.46,15,7,2019
2019-07-12,98.455,12,7,2019
2019-07-11,98.44,11,7,2019
2019-07-10,98.49,10,7,2019
2019-07-09,98.45,9,7,2019
2019-07-08,98.47,8,7,2019
2019-07-05,98.465,5,7,2019
2019-07-03,98.55,3,7,2019
2019-07-02,98.545,2,7,2019
2019-07-01,98.495,1,7,2019
2019-06-28,98.54,28,6,2019
2019-06-27,98.555,27,6,2019
2019-06-26,98.525,26,6,2019
2019-06-25,98.61,25,6,2019
2019-06-24,98.585,24,6,2019
2019-06-21,98.535,21,6,2019
2019-06-20,98.59,20,6,2019
2019-06-19,98.595,19,6,2019
2019-06-18,98.485,18,6,2019
2019-06-17,98.485,17,6,2019
2019-06-14,98.505,14,6,2019
2019-06-13,98.51,13,6,2019
2019-06-12,98.44,12,6,2019
2019-06-11,98.39,11,6,2019
2019-06-10,98.385,10,6,2019
2019-06-07,98.425,7,6,2019
2019-06-06,98.41,6,6,2019
2019-06-05,98.465,5,6,2019
2019-06-04,98.445,4,6,2019
2019-06-03,98.49,3,6,2019
2019-05-31,98.44,31,5,2019
2019-05-30,98.3,30,5,2019
2019-05-29,98.305,29,5,2019
2019-05-28,98.27,28,5,2019
2019-05-24,98.215,24,5,2019
2019-05-23,98.245,23,5,2019
2019-05-22,98.11,22,5,2019
2019-05-21,98.075,21,5,2019
2019-05-20,98.105,20,5,2019
2019-05-17,98.13,17,5,2019
2019-05-16,98.12,16,5,2019
2019-05-15,98.165,15,5,2019
2019-05-14,98.115,14,5,2019
2019-05-13,98.125,13,5,2019
2019-05-10,98.05,10,5,2019
2019-05-09,98.035,9,5,2019
2019-05-08,98,8,5,2019
2019-05-07,98.03,7,5,2019
2019-05-06,97.975,6,5,2019
2019-05-03,97.935,3,5,2019
2019-05-02,97.93,2,5,2019
2019-05-01,97.99,1,5,2019
2019-04-30,98.03,30,4,2019
2019-04-29,98.005,29,4,2019
2019-04-26,98.01,26,4,2019
2019-04-25,97.96,25,4,2019
2019-04-24,97.975,24,4,2019
2019-04-23,97.92,23,4,2019
2019-04-22,97.9,22,4,2019
2019-04-18,97.9,18,4,2019
2019-04-17,97.875,17,4,2019
2019-04-16,97.87,16,4,2019
2019-04-15,97.9,15,4,2019
2019-04-12,97.895,12,4,2019
2019-04-11,97.97,11,4,2019
2019-04-10,98.005,10,4,2019
2019-04-09,97.97,9,4,2019
2019-04-08,97.935,8,4,2019
2019-04-05,97.945,5,4,2019
2019-04-04,97.955,4,4,2019
2019-04-03,97.965,3,4,2019
2019-04-02,97.985,2,4,2019
2019-04-01,97.975,1,4,2019
2019-03-29,98.055,29,3,2019
2019-03-28,98.13,28,3,2019
2019-03-27,98.165,27,3,2019
2019-03-26,98.115,26,3,2019
2019-03-25,98.145,25,3,2019
2019-03-22,98.04,22,3,2019
2019-03-21,97.925,21,3,2019
2019-03-20,97.905,20,3,2019
2019-03-19,97.81,19,3,2019
2019-03-18,97.825,18,3,2019
2019-03-15,97.83,15,3,2019
2019-03-14,97.8,14,3,2019
2019-03-13,97.805,13,3,2019
2019-03-12,97.785,12,3,2019
2019-03-11,97.755,11,3,2019
2019-03-08,97.765,8,3,2019
2019-03-07,97.75,7,3,2019
2019-03-06,97.675,6,3,2019
2019-03-05,97.64,5,3,2019
2019-03-04,97.645,4,3,2019
2019-03-01,97.635,1,3,2019
2019-02-28,97.705,28,2,2019
2019-02-27,97.725,27,2,2019
2019-02-26,97.75,26,2,2019
2019-02-25,97.72,25,2,2019
2019-02-22,97.725,22,2,2019
2019-02-21,97.68,21,2,2019
2019-02-20,97.72,20,2,2019
2019-02-19,97.715,19,2,2019
2019-02-15,97.7,15,2,2019
2019-02-14,97.705,14,2,2019
2019-02-13,97.665,13,2,2019
2019-02-12,97.725,12,2,2019
2019-02-11,97.755,11,2,2019
2019-02-08,97.78,8,2,2019
2019-02-07,97.745,7,2,2019
2019-02-06,97.69,6,2,2019
2019-02-05,97.68,5,2,2019
2019-02-04,97.675,4,2,2019
2019-02-01,97.695,1,2,2019
2019-01-31,97.72,31,1,2019
2019-01-30,97.65,30,1,2019
2019-01-29,97.6,29,1,2019
2019-01-28,97.595,28,1,2019
2019-01-25,97.585,25,1,2019
2019-01-24,97.61,24,1,2019
2019-01-23,97.595,23,1,2019
2019-01-22,97.6,22,1,2019
2019-01-18,97.555,18,1,2019
2019-01-17,97.625,17,1,2019
2019-01-16,97.655,16,1,2019
2019-01-15,97.68,15,1,2019
2019-01-14,97.67,14,1,2019
2019-01-11,97.675,11,1,2019
2019-01-10,97.66,10,1,2019
2019-01-09,97.665,9,1,2019
2019-01-08,97.655,8,1,2019
2019-01-07,97.725,7,1,2019
2019-01-04,97.77,4,1,2019
2019-01-03,97.835,3,1,2019
2019-01-02,97.65,2,1,2019
2018-12-31,97.66,31,12,2018
2018-12-28,97.655,28,12,2018
2018-12-27,97.645,27,12,2018
2018-12-26,97.59,26,12,2018
2018-12-24,97.565,24,12,2018
2018-12-21,97.505,21,12,2018
2018-12-20,97.47,20,12,2018
2018-12-19,97.46,19,12,2018
2018-12-18,97.455,18,12,2018
2018-12-17,97.405,17,12,2018
2018-12-14,97.37,14,12,2018
