Date,Bid,Ask
23-Nov-2023,5.3610,5.4110
22-Nov-2023,5.3606,5.4106
21-Nov-2023,5.3520,5.4020
20-Nov-2023,5.3491,5.3991
17-Nov-2023,5.3446,5.3946
16-Nov-2023,5.3412,5.3912
15-Nov-2023,5.3436,5.3936
14-Nov-2023,5.3399,5.3899
13-Nov-2023,5.3690,5.4190
10-Nov-2023,5.3618,5.4118
09-Nov-2023,5.3637,5.4137
08-Nov-2023,5.3574,5.4074
07-Nov-2023,5.3536,5.4036
06-Nov-2023,5.3530,5.4030
03-Nov-2023,5.3494,5.3994
02-Nov-2023,5.3692,5.4192
01-Nov-2023,5.3810,5.4010
31-Oct-2023,5.3805,5.4305
30-Oct-2023,5.3731,5.4231
27-Oct-2023,5.3606,5.4106
26-Oct-2023,5.3656,5.4156
25-Oct-2023,5.3900,5.4100
24-Oct-2023,5.3735,5.4235
23-Oct-2023,5.3686,5.4186
20-Oct-2023,5.3628,5.4128
19-Oct-2023,5.3720,5.4220
18-Oct-2023,5.3920,5.4420
17-Oct-2023,5.4039,5.4539
16-Oct-2023,5.3848,5.4348
13-Oct-2023,5.3950,5.4150
12-Oct-2023,5.3881,5.4381
11-Oct-2023,5.3757,5.4257
10-Oct-2023,5.3835,5.4335
09-Oct-2023,5.3810,5.4210
06-Oct-2023,5.4114,5.4614
05-Oct-2023,5.3933,5.4433
04-Oct-2023,5.3991,5.4491
03-Oct-2023,5.4110,5.4610
02-Oct-2023,5.4053,5.4553
29-Sep-2023,5.3960,5.4160
28-Sep-2023,5.3910,5.4310
27-Sep-2023,5.3908,5.4408
26-Sep-2023,5.3789,5.4289
25-Sep-2023,5.3793,5.4293
22-Sep-2023,5.3810,5.4310
21-Sep-2023,5.3918,5.4418
20-Sep-2023,5.3931,5.4431
19-Sep-2023,5.3893,5.4393
18-Sep-2023,5.3903,5.4403
15-Sep-2023,5.3869,5.4369
14-Sep-2023,5.3919,5.4419
13-Sep-2023,5.3930,5.4430
12-Sep-2023,5.4011,5.4511
11-Sep-2023,5.4029,5.4529
08-Sep-2023,5.4170,5.4370
07-Sep-2023,5.4007,5.4507
06-Sep-2023,5.4038,5.4538
05-Sep-2023,5.3964,5.4464
04-Sep-2023,5.3866,5.4366
01-Sep-2023,5.3860,5.4360
31-Aug-2023,5.4110,5.4310
30-Aug-2023,5.3988,5.4488
29-Aug-2023,5.3957,5.4457
28-Aug-2023,5.4174,5.4674
25-Aug-2023,5.4250,5.4450
24-Aug-2023,5.4016,5.4516
23-Aug-2023,5.3845,5.4345
22-Aug-2023,5.3894,5.4394
21-Aug-2023,5.3834,5.4334
18-Aug-2023,5.3712,5.4212
17-Aug-2023,5.3730,5.4230
16-Aug-2023,5.3800,5.4200
15-Aug-2023,5.3712,5.4212
14-Aug-2023,5.3702,5.4202
11-Aug-2023,5.3652,5.4152
10-Aug-2023,5.3623,5.4123
09-Aug-2023,5.3665,5.4165
08-Aug-2023,5.3650,5.4150
07-Aug-2023,5.3628,5.4128
04-Aug-2023,5.3573,5.4073
03-Aug-2023,5.3740,5.4240
02-Aug-2023,5.3790,5.3990
01-Aug-2023,5.3670,5.4170
31-Jul-2023,5.3619,5.4119
28-Jul-2023,5.3604,5.4104
27-Jul-2023,5.3620,5.4120
26-Jul-2023,5.3760,5.3960
25-Jul-2023,5.3546,5.4046
24-Jul-2023,5.3620,5.3820
21-Jul-2023,5.3380,5.3880
20-Jul-2023,5.3340,5.3840
19-Jul-2023,5.3340,5.3740
18-Jul-2023,5.3226,5.3726
17-Jul-2023,5.3270,5.3470
14-Jul-2023,5.3057,5.3557
13-Jul-2023,5.2950,5.3450
12-Jul-2023,5.2948,5.3448
11-Jul-2023,5.2955,5.3455
10-Jul-2023,5.2904,5.3404
07-Jul-2023,5.2828,5.3328
06-Jul-2023,5.2829,5.3329
05-Jul-2023,5.2800,5.3000
04-Jul-2023,5.2624,5.3124
03-Jul-2023,5.2570,5.3070
30-Jun-2023,5.2650,5.2850
29-Jun-2023,5.2529,5.3029
28-Jun-2023,5.2200,5.2700
27-Jun-2023,5.2230,5.2630
26-Jun-2023,5.2178,5.2678
23-Jun-2023,5.2130,5.2530
22-Jun-2023,5.2153,5.2653
21-Jun-2023,5.2091,5.2591
20-Jun-2023,5.2111,5.2611
19-Jun-2023,5.2002,5.2502
16-Jun-2023,5.2140,5.2340
15-Jun-2023,5.2010,5.2210
14-Jun-2023,5.1827,5.2327
13-Jun-2023,5.1937,5.2437
12-Jun-2023,5.2359,5.2859
09-Jun-2023,5.2390,5.2790
08-Jun-2023,5.2186,5.2686
07-Jun-2023,5.2200,5.2700
06-Jun-2023,5.2055,5.2555
05-Jun-2023,5.2062,5.2562
02-Jun-2023,5.2290,5.2490
01-Jun-2023,5.1942,5.2442
31-May-2023,5.2240,5.2440
30-May-2023,5.2620,5.3120
29-May-2023,5.2620,5.2820
26-May-2023,5.2520,5.3020
25-May-2023,5.2429,5.2929
24-May-2023,5.2072,5.2572
23-May-2023,5.1650,5.2150
22-May-2023,5.1493,5.1993
19-May-2023,5.1310,5.1710
18-May-2023,5.1460,5.1860
17-May-2023,5.1069,5.1569
16-May-2023,5.0871,5.1371
15-May-2023,5.0841,5.1341
12-May-2023,5.0890,5.1090
11-May-2023,5.0600,5.1100
10-May-2023,5.0548,5.1048
09-May-2023,5.0892,5.1392
08-May-2023,5.0770,5.1170
05-May-2023,5.0590,5.0990
04-May-2023,5.0470,5.0670
03-May-2023,5.0720,5.1220
02-May-2023,5.0590,5.0790
01-May-2023,5.1070,5.1570
28-Apr-2023,5.0840,5.1040
27-Apr-2023,5.0858,5.1358
26-Apr-2023,5.0500,5.0700
25-Apr-2023,5.0249,5.0749
24-Apr-2023,5.0750,5.1250
21-Apr-2023,5.0650,5.1150
20-Apr-2023,5.0630,5.1030
19-Apr-2023,5.0618,5.1118
18-Apr-2023,5.0437,5.0937
17-Apr-2023,5.0450,5.0950
14-Apr-2023,5.0190,5.0690
13-Apr-2023,4.9761,5.0261
12-Apr-2023,4.9750,5.0250
11-Apr-2023,4.9771,5.0271
10-Apr-2023,4.9742,5.0242
07-Apr-2023,4.9576,5.0076
06-Apr-2023,4.9058,4.9558
05-Apr-2023,4.8945,4.9445
04-Apr-2023,4.8870,4.9370
03-Apr-2023,4.9245,4.9745
31-Mar-2023,4.9120,4.9520
30-Mar-2023,4.9020,4.9520
29-Mar-2023,4.8840,4.9340
28-Mar-2023,4.8806,4.9306
27-Mar-2023,4.8947,4.9447
24-Mar-2023,4.8300,4.8500
23-Mar-2023,4.8561,4.9061
22-Mar-2023,4.8900,4.9100
21-Mar-2023,4.8780,4.9280
20-Mar-2023,4.8320,4.8720
17-Mar-2023,4.7520,4.7920
16-Mar-2023,4.8540,4.8940
15-Mar-2023,4.7569,4.8069
14-Mar-2023,4.8382,4.8882
13-Mar-2023,4.7060,4.7460
10-Mar-2023,4.9830,5.0330
09-Mar-2023,5.0850,5.1350
08-Mar-2023,5.1197,5.1697
07-Mar-2023,5.0676,5.1176
06-Mar-2023,4.9690,4.9890
03-Mar-2023,4.9570,4.9770
02-Mar-2023,4.9379,4.9879
01-Mar-2023,4.9328,4.9828
28-Feb-2023,4.8940,4.9440
27-Feb-2023,4.9005,4.9505
24-Feb-2023,4.8960,4.9360
23-Feb-2023,4.8850,4.9350
22-Feb-2023,4.8690,4.8890
21-Feb-2023,4.7977,4.8477
20-Feb-2023,4.8410,4.8610
17-Feb-2023,4.8260,4.8660
16-Feb-2023,4.8167,4.8667
15-Feb-2023,4.8023,4.8523
14-Feb-2023,4.7870,4.8070
13-Feb-2023,4.7697,4.8197
10-Feb-2023,4.7660,4.8060
09-Feb-2023,4.7149,4.7649
08-Feb-2023,4.8632,4.9132
07-Feb-2023,4.7420,4.7820
06-Feb-2023,4.7360,4.7560
03-Feb-2023,4.7170,4.7570
02-Feb-2023,4.6929,4.7429
01-Feb-2023,4.7070,4.7470
31-Jan-2023,4.6930,4.7330
30-Jan-2023,4.6864,4.7364
27-Jan-2023,4.6730,4.7130
26-Jan-2023,4.6830,4.7030
25-Jan-2023,4.6630,4.7130
24-Jan-2023,4.6560,4.7060
23-Jan-2023,4.6530,4.7030
20-Jan-2023,4.6330,4.6830
19-Jan-2023,4.6380,4.6880
18-Jan-2023,4.6362,4.6862
17-Jan-2023,4.6243,4.6743
16-Jan-2023,4.6266,4.6766
13-Jan-2023,4.6220,4.6620
12-Jan-2023,4.6151,4.6651
11-Jan-2023,4.6445,4.6945
10-Jan-2023,4.6222,4.6722
09-Jan-2023,4.6060,4.6560
06-Jan-2023,4.6270,4.6470
05-Jan-2023,4.6440,4.6840
04-Jan-2023,4.6155,4.6655
03-Jan-2023,4.5963,4.6463
02-Jan-2023,4.5940,4.6340
30-Dec-2022,4.6010,4.6210
29-Dec-2022,4.5850,4.6250
28-Dec-2022,4.5921,4.6421
27-Dec-2022,4.5718,4.6218
26-Dec-2022,4.5600,4.6000
23-Dec-2022,4.5470,4.5970
22-Dec-2022,4.5419,4.5919
21-Dec-2022,4.5316,4.5816
20-Dec-2022,4.5184,4.5684
19-Dec-2022,4.5169,4.5669
16-Dec-2022,4.4940,4.5440
15-Dec-2022,4.5034,4.5534
14-Dec-2022,4.5260,4.5660
13-Dec-2022,4.4981,4.5481
12-Dec-2022,4.5300,4.5800
09-Dec-2022,4.4990,4.5490
08-Dec-2022,4.4945,4.5445
07-Dec-2022,4.4560,4.5060
06-Dec-2022,4.4540,4.5040
05-Dec-2022,4.4601,4.5101
02-Dec-2022,4.4410,4.4610
01-Dec-2022,4.4300,4.4700
30-Nov-2022,4.4292,4.4792
29-Nov-2022,4.4102,4.4602
28-Nov-2022,4.4102,4.4602
25-Nov-2022,4.3920,4.4420
24-Nov-2022,4.3900,4.4300
23-Nov-2022,4.3930,4.4330
22-Nov-2022,4.4040,4.4440
21-Nov-2022,4.3622,4.4122
18-Nov-2022,4.3200,4.3700
17-Nov-2022,4.3088,4.3588
16-Nov-2022,4.2846,4.3346
15-Nov-2022,4.2790,4.3190
14-Nov-2022,4.2590,4.2990
11-Nov-2022,4.2350,4.2750
10-Nov-2022,4.2350,4.2750
09-Nov-2022,4.2791,4.3291
08-Nov-2022,4.2706,4.3206
07-Nov-2022,4.2349,4.2849
04-Nov-2022,4.2040,4.2440
03-Nov-2022,4.2487,4.2987
02-Nov-2022,4.2090,4.2490
01-Nov-2022,4.1850,4.2050
31-Oct-2022,4.1730,4.2130
28-Oct-2022,4.1220,4.1620
27-Oct-2022,4.1099,4.1599
26-Oct-2022,4.1080,4.1480
25-Oct-2022,4.0840,4.1040
24-Oct-2022,4.0786,4.1286
21-Oct-2022,4.0390,4.0790
20-Oct-2022,4.0745,4.1245
19-Oct-2022,4.0549,4.1049
18-Oct-2022,4.0047,4.0547
17-Oct-2022,3.9880,4.0280
14-Oct-2022,3.9740,3.9940
13-Oct-2022,3.9680,4.0080
12-Oct-2022,3.8771,3.9271
11-Oct-2022,3.8550,3.8950
10-Oct-2022,3.8143,3.8643
07-Oct-2022,3.8120,3.8320
06-Oct-2022,3.7758,3.8258
05-Oct-2022,3.7390,3.7890
04-Oct-2022,3.6947,3.7447
03-Oct-2022,3.6591,3.7091
30-Sep-2022,3.6360,3.6760
29-Sep-2022,3.6030,3.6530
28-Sep-2022,3.6227,3.6727
27-Sep-2022,3.5750,3.5950
26-Sep-2022,3.5951,3.6451
23-Sep-2022,3.5780,3.5980
22-Sep-2022,3.5570,3.5970
21-Sep-2022,3.5778,3.6278
20-Sep-2022,3.5380,3.5780
19-Sep-2022,3.5220,3.5620
16-Sep-2022,3.4710,3.5110
15-Sep-2022,3.4831,3.5331
14-Sep-2022,3.4598,3.5098
13-Sep-2022,3.4040,3.4240
12-Sep-2022,3.2487,3.2987
09-Sep-2022,3.2070,3.2570
08-Sep-2022,3.1960,3.2360
07-Sep-2022,3.1478,3.1978
06-Sep-2022,3.1050,3.1550
05-Sep-2022,3.0535,3.1035
02-Sep-2022,3.0260,3.0760
01-Sep-2022,3.0664,3.1164
31-Aug-2022,3.0552,3.1052
30-Aug-2022,2.9969,3.0469
29-Aug-2022,2.9770,3.0270
26-Aug-2022,2.9450,2.9850
25-Aug-2022,2.9456,2.9956
24-Aug-2022,2.9278,2.9778
23-Aug-2022,2.8845,2.9345
22-Aug-2022,2.8610,2.9110
19-Aug-2022,2.8170,2.8670
18-Aug-2022,2.8079,2.8579
17-Aug-2022,2.7951,2.8451
16-Aug-2022,2.7720,2.7920
15-Aug-2022,2.7559,2.8059
12-Aug-2022,2.7390,2.7890
11-Aug-2022,2.7368,2.7868
10-Aug-2022,2.7330,2.7730
09-Aug-2022,2.7556,2.8056
08-Aug-2022,2.7540,2.7940
05-Aug-2022,2.7080,2.7480
04-Aug-2022,2.6451,2.6951
03-Aug-2022,2.6280,2.6780
02-Aug-2022,2.6170,2.6370
01-Aug-2022,2.5750,2.6250
29-Jul-2022,2.5700,2.6200
28-Jul-2022,2.5760,2.5960
27-Jul-2022,2.5740,2.5940
26-Jul-2022,2.5750,2.6250
25-Jul-2022,2.5780,2.5980
22-Jul-2022,2.5510,2.5710
21-Jul-2022,2.5660,2.6060
20-Jul-2022,2.5660,2.6060
19-Jul-2022,2.5250,2.5450
18-Jul-2022,2.4850,2.5350
15-Jul-2022,2.4700,2.5200
14-Jul-2022,2.5200,2.5600
13-Jul-2022,2.5920,2.6320
12-Jul-2022,2.3480,2.3680
11-Jul-2022,2.3300,2.3500
08-Jul-2022,2.3050,2.3450
07-Jul-2022,2.2730,2.3130
06-Jul-2022,2.2380,2.2880
05-Jul-2022,2.2150,2.2550
04-Jul-2022,2.2010,2.2410
01-Jul-2022,2.1690,2.2190
30-Jun-2022,2.1600,2.2100
29-Jun-2022,2.1420,2.1620
28-Jun-2022,2.1130,2.1330
27-Jun-2022,2.1060,2.1560
24-Jun-2022,2.0770,2.1170
23-Jun-2022,2.0790,2.1290
22-Jun-2022,2.0830,2.1230
21-Jun-2022,2.0580,2.0980
20-Jun-2022,2.0130,2.0630
17-Jun-2022,2.0120,2.0320
16-Jun-2022,1.9960,2.0360
15-Jun-2022,1.9880,2.0280
14-Jun-2022,1.9610,1.9810
13-Jun-2022,1.8790,1.9190
10-Jun-2022,1.6690,1.6890
09-Jun-2022,1.5780,1.6280
08-Jun-2022,1.5570,1.5770
07-Jun-2022,1.5320,1.5520
06-Jun-2022,1.5080,1.5580
03-Jun-2022,1.4930,1.5430
02-Jun-2022,1.4960,1.5360
01-Jun-2022,1.4750,1.4950
31-May-2022,1.4580,1.4980
30-May-2022,1.4200,1.4700
27-May-2022,1.4250,1.4450
26-May-2022,1.4100,1.4600
25-May-2022,1.3960,1.4160
24-May-2022,1.3780,1.3980
23-May-2022,1.3820,1.4220
20-May-2022,1.3590,1.3790
19-May-2022,1.3560,1.3960
18-May-2022,1.3520,1.3920
17-May-2022,1.3220,1.3420
16-May-2022,1.2860,1.3360
13-May-2022,1.2890,1.3090
12-May-2022,1.2700,1.2900
11-May-2022,1.2630,1.2830
10-May-2022,1.2510,1.2910
09-May-2022,1.2030,1.2530
06-May-2022,1.2260,1.2460
05-May-2022,1.2140,1.2540
04-May-2022,1.2060,1.2460
03-May-2022,1.1790,1.2290
02-May-2022,1.1530,1.2030
29-Apr-2022,1.1710,1.2110
28-Apr-2022,1.1360,1.1760
27-Apr-2022,1.0430,1.0930
26-Apr-2022,1.0260,1.0760
25-Apr-2022,1.0260,1.0760
22-Apr-2022,1.0180,1.0580
21-Apr-2022,1.0010,1.0210
20-Apr-2022,0.9500,0.9700
19-Apr-2022,0.9210,0.9710
18-Apr-2022,0.9070,0.9270
15-Apr-2022,0.8970,0.9170
14-Apr-2022,0.8870,0.9270
13-Apr-2022,0.8450,0.8650
12-Apr-2022,0.8270,0.8670
11-Apr-2022,0.8350,0.8550
08-Apr-2022,0.8030,0.8530
07-Apr-2022,0.8040,0.8240
06-Apr-2022,0.7730,0.7930
05-Apr-2022,0.7560,0.7960
04-Apr-2022,0.7390,0.7790
01-Apr-2022,0.7240,0.7440
31-Mar-2022,0.7080,0.7280
30-Mar-2022,0.6560,0.7060
29-Mar-2022,0.6180,0.6580
28-Mar-2022,0.6760,0.6960
25-Mar-2022,0.6450,0.6950
24-Mar-2022,0.6440,0.6840
23-Mar-2022,0.6040,0.6540
22-Mar-2022,0.6130,0.6530
21-Mar-2022,0.5830,0.6030
18-Mar-2022,0.5450,0.5650
17-Mar-2022,0.5340,0.5740
16-Mar-2022,0.5100,0.5600
15-Mar-2022,0.5580,0.5980
14-Mar-2022,0.5290,0.5490
11-Mar-2022,0.4810,0.5210
10-Mar-2022,0.4770,0.4970
09-Mar-2022,0.4740,0.5140
08-Mar-2022,0.4360,0.4560
07-Mar-2022,0.4050,0.4550
04-Mar-2022,0.4000,0.4400
03-Mar-2022,0.4200,0.4400
02-Mar-2022,0.4000,0.4200
01-Mar-2022,0.3540,0.3740
28-Feb-2022,0.3870,0.4070
25-Feb-2022,0.4140,0.4540
24-Feb-2022,0.3730,0.4130
23-Feb-2022,0.4170,0.4370
22-Feb-2022,0.4160,0.4360
21-Feb-2022,0.3600,0.4000
18-Feb-2022,0.3560,0.4060
17-Feb-2022,0.3850,0.4050
16-Feb-2022,0.3740,0.3940
15-Feb-2022,0.3910,0.4110
14-Feb-2022,0.3940,0.4140
11-Feb-2022,0.3770,0.3970
10-Feb-2022,0.4270,0.4770
09-Feb-2022,0.3150,0.3550
08-Feb-2022,0.2920,0.3320
07-Feb-2022,0.2690,0.3190
04-Feb-2022,0.2890,0.3390
03-Feb-2022,0.2560,0.2760
02-Feb-2022,0.2220,0.2420
01-Feb-2022,0.2080,0.2580
31-Jan-2022,0.2240,0.2440
28-Jan-2022,0.2110,0.2510
27-Jan-2022,0.2210,0.2410
26-Jan-2022,0.2090,0.2490
25-Jan-2022,0.1810,0.2310
24-Jan-2022,0.1680,0.2180
21-Jan-2022,0.1770,0.2170
20-Jan-2022,0.1960,0.2160
19-Jan-2022,0.1690,0.2190
18-Jan-2022,0.1660,0.2160
17-Jan-2022,0.1750,0.1950
14-Jan-2022,0.1540,0.1940
13-Jan-2022,0.1420,0.1920
12-Jan-2022,0.1460,0.1660
11-Jan-2022,0.1350,0.1750
10-Jan-2022,0.1470,0.1670
07-Jan-2022,0.1280,0.1680
06-Jan-2022,0.1220,0.1720
05-Jan-2022,0.1190,0.1590
04-Jan-2022,0.1040,0.1440
03-Jan-2022,0.1120,0.1320
31-Dec-2021,0.1080,0.1280
30-Dec-2021,0.1060,0.1260
29-Dec-2021,0.0870,0.1370
28-Dec-2021,0.0990,0.1190
27-Dec-2021,0.0980,0.1180
24-Dec-2021,0.0960,0.1160
23-Dec-2021,0.0950,0.1150
22-Dec-2021,0.0890,0.1090
21-Dec-2021,0.0890,0.1090
20-Dec-2021,0.0760,0.1160
17-Dec-2021,0.0860,0.1060
16-Dec-2021,0.0840,0.1040
15-Dec-2021,0.0810,0.1010
14-Dec-2021,0.0730,0.1130
13-Dec-2021,0.0820,0.1020
10-Dec-2021,0.0670,0.1070
09-Dec-2021,0.0750,0.0950
08-Dec-2021,0.0620,0.1120
07-Dec-2021,0.0760,0.0960
06-Dec-2021,0.0730,0.0930
03-Dec-2021,0.0560,0.1060
02-Dec-2021,0.0730,0.0930
01-Dec-2021,0.0730,0.0930
30-Nov-2021,0.0600,0.1000
29-Nov-2021,0.0690,0.0890
26-Nov-2021,0.0580,0.0980
25-Nov-2021,0.0730,0.0930
24-Nov-2021,0.0630,0.1030
23-Nov-2021,0.0600,0.1100
22-Nov-2021,0.0640,0.1040
19-Nov-2021,0.0630,0.1030
18-Nov-2021,0.0610,0.1010
17-Nov-2021,0.0630,0.1030
16-Nov-2021,0.0620,0.1020
15-Nov-2021,0.0630,0.1030
12-Nov-2021,0.0600,0.1000
11-Nov-2021,0.0560,0.1060
10-Nov-2021,0.0590,0.0990
09-Nov-2021,0.0670,0.0870
08-Nov-2021,0.0530,0.1030
05-Nov-2021,0.0530,0.1030
04-Nov-2021,0.0530,0.1030
03-Nov-2021,0.0590,0.0990
02-Nov-2021,0.0570,0.0970
01-Nov-2021,0.0510,0.1010
29-Oct-2021,0.0520,0.1020
28-Oct-2021,0.0520,0.1020
27-Oct-2021,0.0670,0.0870
26-Oct-2021,0.0500,0.1000
25-Oct-2021,0.0650,0.0850
22-Oct-2021,0.0560,0.0960
21-Oct-2021,0.0500,0.1000
20-Oct-2021,0.0610,0.0810
19-Oct-2021,0.0640,0.0840
18-Oct-2021,0.0510,0.1010
15-Oct-2021,0.0500,0.1000
14-Oct-2021,0.0560,0.0960
13-Oct-2021,0.0650,0.0850
12-Oct-2021,0.0520,0.1020
11-Oct-2021,0.0650,0.0850
08-Oct-2021,0.0570,0.0970
07-Oct-2021,0.0650,0.0850
06-Oct-2021,0.0670,0.0870
05-Oct-2021,0.0670,0.0870
04-Oct-2021,0.0570,0.0970
01-Oct-2021,0.0670,0.0870
30-Sep-2021,0.0660,0.0860
29-Sep-2021,0.0700,0.0900
28-Sep-2021,0.0540,0.1040
27-Sep-2021,0.0560,0.1060
24-Sep-2021,0.0700,0.0900
23-Sep-2021,0.0700,0.0900
22-Sep-2021,0.0700,0.0900
21-Sep-2021,0.0600,0.1000
20-Sep-2021,0.0700,0.0900
17-Sep-2021,0.0700,0.0900
16-Sep-2021,0.0610,0.1010
15-Sep-2021,0.0600,0.1000
14-Sep-2021,0.0680,0.0880
13-Sep-2021,0.0510,0.1010
10-Sep-2021,0.0660,0.0860
09-Sep-2021,0.0490,0.0990
08-Sep-2021,0.0490,0.0990
07-Sep-2021,0.0550,0.0950
06-Sep-2021,0.0650,0.0850
03-Sep-2021,0.0630,0.0830
02-Sep-2021,0.0570,0.0970
01-Sep-2021,0.0570,0.0970
31-Aug-2021,0.0670,0.0870
30-Aug-2021,0.0670,0.0870
27-Aug-2021,0.0550,0.1050
26-Aug-2021,0.0660,0.1060
25-Aug-2021,0.0670,0.1070
24-Aug-2021,0.0620,0.1120
23-Aug-2021,0.0620,0.1120
20-Aug-2021,0.0620,0.1120
19-Aug-2021,0.0770,0.0970
18-Aug-2021,0.0710,0.1110
17-Aug-2021,0.0670,0.1170
16-Aug-2021,0.0680,0.1180
13-Aug-2021,0.0670,0.1170
12-Aug-2021,0.0670,0.1170
11-Aug-2021,0.0710,0.1110
10-Aug-2021,0.0820,0.1020
09-Aug-2021,0.0660,0.1160
06-Aug-2021,0.0820,0.1020
05-Aug-2021,0.0820,0.1020
04-Aug-2021,0.0680,0.1080
03-Aug-2021,0.0640,0.1140
02-Aug-2021,0.0640,0.1140
30-Jul-2021,0.0780,0.0980
29-Jul-2021,0.0790,0.0990
28-Jul-2021,0.0650,0.1150
27-Jul-2021,0.0650,0.1150
26-Jul-2021,0.0810,0.1010
23-Jul-2021,0.0800,0.1000
22-Jul-2021,0.0800,0.1000
21-Jul-2021,0.0800,0.1000
20-Jul-2021,0.0800,0.1000
19-Jul-2021,0.0650,0.1150
16-Jul-2021,0.0800,0.1000
15-Jul-2021,0.0780,0.0980
14-Jul-2021,0.0650,0.1150
13-Jul-2021,0.0710,0.1110
12-Jul-2021,0.0820,0.1020
09-Jul-2021,0.0820,0.1020
08-Jul-2021,0.0820,0.1020
07-Jul-2021,0.0670,0.1170
06-Jul-2021,0.0830,0.1030
05-Jul-2021,0.0680,0.1180
02-Jul-2021,0.0740,0.1140
01-Jul-2021,0.0730,0.1130
30-Jun-2021,0.0830,0.1030
29-Jun-2021,0.0730,0.1130
28-Jun-2021,0.0690,0.1190
25-Jun-2021,0.0740,0.1140
24-Jun-2021,0.0830,0.1030
23-Jun-2021,0.0680,0.1180
22-Jun-2021,0.0730,0.1130
21-Jun-2021,0.0870,0.1070
18-Jun-2021,0.0850,0.1050
17-Jun-2021,0.0700,0.1200
16-Jun-2021,0.0800,0.1200
15-Jun-2021,0.0650,0.1050
14-Jun-2021,0.0730,0.0930
11-Jun-2021,0.0490,0.0990
10-Jun-2021,0.0640,0.0840
09-Jun-2021,0.0480,0.0980
08-Jun-2021,0.0530,0.1030
07-Jun-2021,0.0570,0.0970
04-Jun-2021,0.0590,0.0990
03-Jun-2021,0.0540,0.1040
02-Jun-2021,0.0670,0.0870
01-Jun-2021,0.0670,0.0870
28-May-2021,0.0680,0.0880
27-May-2021,0.0580,0.0980
26-May-2021,0.0390,0.0790
25-May-2021,0.0640,0.0840
24-May-2021,0.0560,0.0960
21-May-2021,0.0660,0.0860
20-May-2021,0.0650,0.0850
19-May-2021,0.0580,0.0980
18-May-2021,0.0480,0.0980
17-May-2021,0.0530,0.0930
14-May-2021,0.0650,0.0850
13-May-2021,0.0650,0.0850
12-May-2021,0.0500,0.1000
11-May-2021,0.0660,0.0860
10-May-2021,0.0550,0.0950
07-May-2021,0.0560,0.0960
06-May-2021,0.0540,0.1040
05-May-2021,0.0550,0.1050
04-May-2021,0.0720,0.0920
03-May-2021,0.0770,0.0970
30-Apr-2021,0.0560,0.1060
29-Apr-2021,0.0560,0.1060
28-Apr-2021,0.0520,0.1020
27-Apr-2021,0.0650,0.1050
26-Apr-2021,0.0650,0.1050
23-Apr-2021,0.0760,0.0960
22-Apr-2021,0.0610,0.1110
21-Apr-2021,0.0660,0.1060
20-Apr-2021,0.0610,0.1110
19-Apr-2021,0.0760,0.0960
16-Apr-2021,0.0760,0.0960
15-Apr-2021,0.0740,0.0940
14-Apr-2021,0.0570,0.0970
13-Apr-2021,0.0660,0.0860
12-Apr-2021,0.0510,0.1010
09-Apr-2021,0.0660,0.0860
08-Apr-2021,0.0490,0.0990
07-Apr-2021,0.0540,0.0940
06-Apr-2021,0.0430,0.0930
05-Apr-2021,0.0490,0.0890
02-Apr-2021,0.0430,0.0930
01-Apr-2021,0.0580,0.0780
31-Mar-2021,0.0420,0.0920
30-Mar-2021,0.0470,0.0870
29-Mar-2021,0.0430,0.0930
26-Mar-2021,0.0460,0.0860
25-Mar-2021,0.0420,0.0920
24-Mar-2021,0.0580,0.0780
23-Mar-2021,0.0580,0.0780
22-Mar-2021,0.0540,0.0740
19-Mar-2021,0.0470,0.0870
18-Mar-2021,0.0600,0.0800
17-Mar-2021,0.0530,0.0930
16-Mar-2021,0.0500,0.1000
15-Mar-2021,0.0620,0.0820
12-Mar-2021,0.0620,0.0820
11-Mar-2021,0.0520,0.0920
10-Mar-2021,0.0640,0.0840
09-Mar-2021,0.0470,0.0970
08-Mar-2021,0.0620,0.0820
05-Mar-2021,0.0670,0.0870
04-Mar-2021,0.0670,0.0870
03-Mar-2021,0.0560,0.0960
02-Mar-2021,0.0600,0.1000
01-Mar-2021,0.0580,0.0980
26-Feb-2021,0.0670,0.0870
25-Feb-2021,0.0700,0.0900
24-Feb-2021,0.0490,0.0990
23-Feb-2021,0.0550,0.0950
22-Feb-2021,0.0630,0.0830
19-Feb-2021,0.0620,0.0820
18-Feb-2021,0.0620,0.0820
17-Feb-2021,0.0470,0.0970
16-Feb-2021,0.0610,0.0810
12-Feb-2021,0.0510,0.0910
11-Feb-2021,0.0520,0.0920
10-Feb-2021,0.0520,0.0920
09-Feb-2021,0.0460,0.0960
08-Feb-2021,0.0510,0.0910
05-Feb-2021,0.0450,0.0850
04-Feb-2021,0.0530,0.0730
03-Feb-2021,0.0550,0.0750
02-Feb-2021,0.0420,0.0920
01-Feb-2021,0.0400,0.0900
29-Jan-2021,0.0380,0.0880
28-Jan-2021,0.0600,0.0800
27-Jan-2021,0.0610,0.0810
26-Jan-2021,0.0620,0.0820
25-Jan-2021,0.0510,0.1010
22-Jan-2021,0.0560,0.0960
21-Jan-2021,0.0510,0.1010
20-Jan-2021,0.0520,0.1020
19-Jan-2021,0.0530,0.1030
15-Jan-2021,0.0530,0.1030
14-Jan-2021,0.0580,0.0980
13-Jan-2021,0.0580,0.0980
12-Jan-2021,0.0690,0.0890
11-Jan-2021,0.0700,0.0900
08-Jan-2021,0.0580,0.0980
07-Jan-2021,0.0700,0.0900
06-Jan-2021,0.0540,0.1040
05-Jan-2021,0.0690,0.0890
04-Jan-2021,0.0540,0.1040
31-Dec-2020,0.0690,0.0890
30-Dec-2020,0.0580,0.0980
29-Dec-2020,0.0340,0.0740
28-Dec-2020,0.0550,0.1050
24-Dec-2020,0.0550,0.1050
23-Dec-2020,0.0720,0.0920
22-Dec-2020,0.0660,0.1060
21-Dec-2020,0.0760,0.0960
18-Dec-2020,0.0770,0.0970
17-Dec-2020,0.0770,0.0970
16-Dec-2020,0.0620,0.1120
15-Dec-2020,0.0620,0.1020
14-Dec-2020,0.0600,0.1000
11-Dec-2020,0.0670,0.0870
10-Dec-2020,0.0700,0.0900
09-Dec-2020,0.0710,0.0910
08-Dec-2020,0.0560,0.1060
07-Dec-2020,0.0600,0.1000
04-Dec-2020,0.0610,0.1010
03-Dec-2020,0.0730,0.0930
02-Dec-2020,0.0630,0.1030
01-Dec-2020,0.0550,0.1050
30-Nov-2020,0.0590,0.0990
27-Nov-2020,0.0580,0.0980
25-Nov-2020,0.0600,0.1000
24-Nov-2020,0.0560,0.0960
23-Nov-2020,0.0560,0.0960
20-Nov-2020,0.0640,0.0840
19-Nov-2020,0.0600,0.1000
18-Nov-2020,0.0580,0.1080
17-Nov-2020,0.0620,0.1020
16-Nov-2020,0.0580,0.1080
13-Nov-2020,0.0640,0.1040
12-Nov-2020,0.0630,0.1030
11-Nov-2020,0.0600,0.1100
10-Nov-2020,0.0640,0.1040
09-Nov-2020,0.0590,0.1090
06-Nov-2020,0.0730,0.0930
05-Nov-2020,0.0570,0.1070
04-Nov-2020,0.0550,0.1050
03-Nov-2020,0.0550,0.1050
02-Nov-2020,0.0700,0.0900
30-Oct-2020,0.0700,0.0900
29-Oct-2020,0.0550,0.1050
28-Oct-2020,0.0560,0.1060
27-Oct-2020,0.0700,0.0900
26-Oct-2020,0.0700,0.0900
23-Oct-2020,0.0740,0.0940
22-Oct-2020,0.0730,0.0930
21-Oct-2020,0.0620,0.1020
20-Oct-2020,0.0720,0.0920
19-Oct-2020,0.0560,0.1060
16-Oct-2020,0.0610,0.1010
15-Oct-2020,0.0630,0.1030
14-Oct-2020,0.0710,0.0910
13-Oct-2020,0.0570,0.1070
12-Oct-2020,0.0720,0.0920
09-Oct-2020,0.0720,0.0920
08-Oct-2020,0.0720,0.0920
07-Oct-2020,0.0600,0.1000
06-Oct-2020,0.0540,0.1040
05-Oct-2020,0.0590,0.0990
02-Oct-2020,0.0590,0.0990
01-Oct-2020,0.0580,0.0980
30-Sep-2020,0.0530,0.1030
29-Sep-2020,0.0680,0.0880
28-Sep-2020,0.0310,0.0710
25-Sep-2020,0.0570,0.0970
24-Sep-2020,0.0690,0.0890
23-Sep-2020,0.0590,0.0990
22-Sep-2020,0.0590,0.0990
21-Sep-2020,0.0560,0.1060
18-Sep-2020,0.0720,0.0920
17-Sep-2020,0.0560,0.1060
16-Sep-2020,0.0580,0.1080
15-Sep-2020,0.0730,0.0930
14-Sep-2020,0.0610,0.1010
11-Sep-2020,0.0710,0.0910
10-Sep-2020,0.0580,0.1080
09-Sep-2020,0.0700,0.0900
08-Sep-2020,0.0690,0.0890
04-Sep-2020,0.0660,0.0860
03-Sep-2020,0.0480,0.0980
02-Sep-2020,0.0630,0.0830
01-Sep-2020,0.0520,0.0920
31-Aug-2020,0.0660,0.0860
28-Aug-2020,0.0460,0.0960
27-Aug-2020,0.0260,0.0660
26-Aug-2020,0.0650,0.0850
25-Aug-2020,0.0540,0.0940
24-Aug-2020,0.0460,0.0960
21-Aug-2020,0.0440,0.0940
20-Aug-2020,0.0640,0.0840
19-Aug-2020,0.0650,0.0850
18-Aug-2020,0.0550,0.1050
17-Aug-2020,0.0570,0.1070
14-Aug-2020,0.0710,0.0910
13-Aug-2020,0.0680,0.0880
12-Aug-2020,0.0680,0.0880
11-Aug-2020,0.0550,0.0950
10-Aug-2020,0.0480,0.0980
07-Aug-2020,0.0530,0.0930
06-Aug-2020,0.0520,0.0920
05-Aug-2020,0.0530,0.0930
04-Aug-2020,0.0480,0.0980
03-Aug-2020,0.0630,0.0830
31-Jul-2020,0.0590,0.0790
30-Jul-2020,0.0480,0.0880
29-Jul-2020,0.0250,0.0650
28-Jul-2020,0.0450,0.0950
27-Jul-2020,0.0430,0.0930
24-Jul-2020,0.0600,0.0800
23-Jul-2020,0.0460,0.0960
22-Jul-2020,0.0650,0.0850
21-Jul-2020,0.0500,0.1000
20-Jul-2020,0.0640,0.0840
17-Jul-2020,0.0520,0.0920
16-Jul-2020,0.0610,0.0810
15-Jul-2020,0.0490,0.0990
14-Jul-2020,0.0650,0.0850
13-Jul-2020,0.0540,0.0940
10-Jul-2020,0.0520,0.0920
09-Jul-2020,0.0490,0.0890
08-Jul-2020,0.0600,0.0800
07-Jul-2020,0.0480,0.0980
06-Jul-2020,0.0520,0.0920
02-Jul-2020,0.0500,0.0900
01-Jul-2020,0.0410,0.0910
30-Jun-2020,0.0400,0.0900
29-Jun-2020,0.0550,0.0750
26-Jun-2020,0.0570,0.0770
25-Jun-2020,0.0600,0.0800
24-Jun-2020,0.0610,0.0810
23-Jun-2020,0.0510,0.0910
22-Jun-2020,0.0520,0.0920
19-Jun-2020,0.0560,0.0960
18-Jun-2020,0.0500,0.1000
17-Jun-2020,0.0560,0.1060
16-Jun-2020,0.0800,0.1000
15-Jun-2020,0.0840,0.1040
12-Jun-2020,0.0610,0.1110
11-Jun-2020,0.0740,0.1140
10-Jun-2020,0.0530,0.0930
09-Jun-2020,0.0570,0.0970
08-Jun-2020,0.0560,0.0960
05-Jun-2020,0.0460,0.0860
04-Jun-2020,0.0550,0.0750
03-Jun-2020,0.0330,0.0830
02-Jun-2020,0.0290,0.0790
01-Jun-2020,0.0270,0.0770
29-May-2020,0.0260,0.0760
28-May-2020,0.0350,0.0750
27-May-2020,0.0290,0.0790
26-May-2020,0.0420,0.0620
22-May-2020,0.0250,0.0750
21-May-2020,0.0310,0.0710
20-May-2020,0.0280,0.0780
19-May-2020,0.0370,0.0870
18-May-2020,0.0420,0.0820
15-May-2020,0.0350,0.0750
14-May-2020,0.0420,0.0620
13-May-2020,0.0260,0.0760
12-May-2020,0.0410,0.0610
11-May-2020,0.0310,0.0710
08-May-2020,0.0290,0.0690
07-May-2020,0.0200,0.0700
06-May-2020,0.0340,0.0540
05-May-2020,0.0350,0.0550
04-May-2020,0.0330,0.0530
01-May-2020,0.0200,0.0700
30-Apr-2020,0.0350,0.0550
29-Apr-2020,0.0270,0.0670
28-Apr-2020,0.0380,0.0780
27-Apr-2020,0.0550,0.0950
24-Apr-2020,0.0650,0.0850
23-Apr-2020,0.0580,0.0980
22-Apr-2020,0.0650,0.0850
21-Apr-2020,0.0640,0.0840
20-Apr-2020,0.0630,0.0830
17-Apr-2020,0.0510,0.1010
16-Apr-2020,0.0660,0.0860
15-Apr-2020,0.0520,0.1020
14-Apr-2020,0.0600,0.1000
13-Apr-2020,0.0570,0.1070
10-Apr-2020,0.0670,0.0880
09-Apr-2020,0.0670,0.0870
08-Apr-2020,0.0580,0.0980
07-Apr-2020,0.0690,0.0890
06-Apr-2020,0.0690,0.0890
03-Apr-2020,0.0610,0.0810
02-Apr-2020,0.0510,0.0910
01-Apr-2020,0.0470,0.0870
31-Mar-2020,0.0480,0.0880
30-Mar-2020,0.0460,0.0960
27-Mar-2020,0.0580,0.0780
26-Mar-2020,0.0500,0.0900
25-Mar-2020,0.0870,0.1070
24-Mar-2020,0.0760,0.1260
23-Mar-2020,0.0750,0.1250
20-Mar-2020,0.1040,0.1240
19-Mar-2020,0.1300,0.1500
18-Mar-2020,0.0970,0.1370
17-Mar-2020,0.1160,0.1560
16-Mar-2020,0.0960,0.1460
13-Mar-2020,0.1570,0.1770
12-Mar-2020,0.1130,0.1530
11-Mar-2020,0.2110,0.2510
10-Mar-2020,0.4050,0.4250
09-Mar-2020,0.3070,0.3470
06-Mar-2020,0.5050,0.5450
05-Mar-2020,0.6010,0.6410
04-Mar-2020,0.7630,0.8130
03-Mar-2020,0.7830,0.8030
02-Mar-2020,1.1060,1.1560
28-Feb-2020,1.2360,1.2560
27-Feb-2020,1.3530,1.3930
26-Feb-2020,1.4740,1.4940
25-Feb-2020,1.4990,1.5190
24-Feb-2020,1.4960,1.5460
21-Feb-2020,1.5340,1.5740
20-Feb-2020,1.5490,1.5690
19-Feb-2020,1.5430,1.5830
18-Feb-2020,1.5310,1.5810
14-Feb-2020,1.5360,1.5860
13-Feb-2020,1.5540,1.5740
12-Feb-2020,1.5490,1.5890
11-Feb-2020,1.5420,1.5920
10-Feb-2020,1.5420,1.5820
07-Feb-2020,1.5590,1.5790
06-Feb-2020,1.5500,1.6000
05-Feb-2020,1.5680,1.5880
04-Feb-2020,1.5550,1.5950
03-Feb-2020,1.5470,1.5870
31-Jan-2020,1.5290,1.5790
30-Jan-2020,1.5520,1.6020
29-Jan-2020,1.5740,1.5940
28-Jan-2020,1.5480,1.5980
27-Jan-2020,1.5520,1.5720
24-Jan-2020,1.5510,1.6010
23-Jan-2020,1.5660,1.5860
22-Jan-2020,1.5570,1.5970
21-Jan-2020,1.5560,1.5960
17-Jan-2020,1.5550,1.6050
16-Jan-2020,1.5590,1.5990
15-Jan-2020,1.5590,1.5990
14-Jan-2020,1.5660,1.5860
13-Jan-2020,1.5660,1.5860
10-Jan-2020,1.5580,1.5780
09-Jan-2020,1.5580,1.5780
08-Jan-2020,1.5600,1.5800
07-Jan-2020,1.5580,1.5780
06-Jan-2020,1.5440,1.5840
03-Jan-2020,1.5550,1.5750
02-Jan-2020,1.5390,1.5790
31-Dec-2019,1.5380,1.5880
30-Dec-2019,1.5540,1.5740
27-Dec-2019,1.5440,1.5840
26-Dec-2019,1.5470,1.5870
24-Dec-2019,1.5600,1.5800
23-Dec-2019,1.5430,1.5930
20-Dec-2019,1.5450,1.5850
19-Dec-2019,1.5440,1.5840
18-Dec-2019,1.5420,1.5820
17-Dec-2019,1.5530,1.5730
16-Dec-2019,1.5430,1.5830
13-Dec-2019,1.5380,1.5780
12-Dec-2019,1.5320,1.5820
11-Dec-2019,1.5370,1.5770
10-Dec-2019,1.5340,1.5740
09-Dec-2019,1.5420,1.5620
06-Dec-2019,1.5410,1.5610
05-Dec-2019,1.5230,1.5730
04-Dec-2019,1.5370,1.5570
03-Dec-2019,1.5300,1.5700
02-Dec-2019,1.5470,1.5670
29-Nov-2019,1.5460,1.5660
27-Nov-2019,1.5500,1.5700
26-Nov-2019,1.5460,1.5660
25-Nov-2019,1.5310,1.5810
22-Nov-2019,1.5290,1.5690
21-Nov-2019,1.5410,1.5610
20-Nov-2019,1.5340,1.5540
19-Nov-2019,1.5330,1.5530
18-Nov-2019,1.5180,1.5680
15-Nov-2019,1.5350,1.5550
14-Nov-2019,1.5160,1.5660
13-Nov-2019,1.5200,1.5700
12-Nov-2019,1.5430,1.5630
11-Nov-2019,1.5290,1.5790
08-Nov-2019,1.5300,1.5800
07-Nov-2019,1.5320,1.5720
06-Nov-2019,1.5290,1.5790
05-Nov-2019,1.5350,1.5850
04-Nov-2019,1.5330,1.5830
01-Nov-2019,1.5320,1.5820
31-Oct-2019,1.5310,1.5510
30-Oct-2019,1.5440,1.5640
29-Oct-2019,1.5570,1.5770
28-Oct-2019,1.5720,1.5920
25-Oct-2019,1.5760,1.5960
24-Oct-2019,1.5580,1.5980
23-Oct-2019,1.5600,1.6000
22-Oct-2019,1.5860,1.6060
21-Oct-2019,1.5790,1.6190
18-Oct-2019,1.5960,1.6160
17-Oct-2019,1.6030,1.6530
16-Oct-2019,1.6050,1.6550
15-Oct-2019,1.6450,1.6650
14-Oct-2019,1.6390,1.6590
11-Oct-2019,1.6360,1.6560
10-Oct-2019,1.6230,1.6430
09-Oct-2019,1.6230,1.6430
08-Oct-2019,1.6340,1.6540
07-Oct-2019,1.6540,1.6740
04-Oct-2019,1.6560,1.6760
03-Oct-2019,1.6420,1.6620
02-Oct-2019,1.6820,1.7020
01-Oct-2019,1.7090,1.7290
30-Sep-2019,1.7530,1.7730
27-Sep-2019,1.7520,1.7720
26-Sep-2019,1.7670,1.7870
25-Sep-2019,1.7800,1.8000
24-Sep-2019,1.7690,1.7890
23-Sep-2019,1.7720,1.7920
20-Sep-2019,1.7820,1.8020
19-Sep-2019,1.8020,1.8220
18-Sep-2019,1.8330,1.8530
17-Sep-2019,1.8390,1.8590
16-Sep-2019,1.8370,1.8570
13-Sep-2019,1.8380,1.8580
12-Sep-2019,1.8180,1.8380
11-Sep-2019,1.8220,1.8420
10-Sep-2019,1.8250,1.8450
09-Sep-2019,1.8180,1.8380
06-Sep-2019,1.8180,1.8380
05-Sep-2019,1.8170,1.8370
04-Sep-2019,1.7900,1.8100
03-Sep-2019,1.8160,1.8360
30-Aug-2019,1.8420,1.8620
29-Aug-2019,1.8430,1.8630
28-Aug-2019,1.8560,1.8760
27-Aug-2019,1.8620,1.8820
26-Aug-2019,1.8660,1.8860
23-Aug-2019,1.8440,1.8640
22-Aug-2019,1.8890,1.9090
21-Aug-2019,1.8830,1.9030
20-Aug-2019,1.8710,1.8910
19-Aug-2019,1.8790,1.8990
16-Aug-2019,1.8610,1.8810
15-Aug-2019,1.8260,1.8460
14-Aug-2019,1.8730,1.8930
13-Aug-2019,1.9240,1.9440
12-Aug-2019,1.8910,1.9110
09-Aug-2019,1.9130,1.9330
08-Aug-2019,1.9180,1.9380
07-Aug-2019,1.9000,1.9200
06-Aug-2019,1.9380,1.9580
05-Aug-2019,1.9270,1.9470
02-Aug-2019,1.9900,2.0100
01-Aug-2019,2.0220,2.0420
31-Jul-2019,2.0670,2.0870
30-Jul-2019,2.0260,2.0460
29-Jul-2019,2.0220,2.0420
26-Jul-2019,2.0410,2.0610
25-Jul-2019,2.0410,2.0610
24-Jul-2019,2.0400,2.0600
23-Jul-2019,2.0580,2.0780
22-Jul-2019,2.0540,2.0740
19-Jul-2019,2.0530,2.0730
18-Jul-2019,1.9770,1.9970
17-Jul-2019,2.0470,2.0670
16-Jul-2019,2.0670,2.0870
15-Jul-2019,2.0690,2.0890
12-Jul-2019,2.0890,2.1090
11-Jul-2019,2.1040,2.1240
10-Jul-2019,2.0980,2.1180
09-Jul-2019,2.1560,2.1760
08-Jul-2019,2.1480,2.1680
05-Jul-2019,2.1510,2.1710
03-Jul-2019,2.1060,2.1260
02-Jul-2019,2.1220,2.1420
01-Jul-2019,2.1450,2.1650
28-Jun-2019,2.1180,2.1380
27-Jun-2019,2.1260,2.1460
26-Jun-2019,2.1480,2.1680
25-Jun-2019,2.1510,2.1710
24-Jun-2019,2.1370,2.1570
21-Jun-2019,2.1570,2.1770
20-Jun-2019,2.1590,2.1790
19-Jun-2019,2.1770,2.1970
18-Jun-2019,2.2110,2.2310
17-Jun-2019,2.2240,2.2440
14-Jun-2019,2.2190,2.2390
13-Jun-2019,2.2090,2.2290
12-Jun-2019,2.2350,2.2550
11-Jun-2019,2.2580,2.2780
10-Jun-2019,2.2490,2.2690
07-Jun-2019,2.2300,2.2500
06-Jun-2019,2.2760,2.2960
05-Jun-2019,2.2700,2.2900
04-Jun-2019,2.2890,2.3090
03-Jun-2019,2.2740,2.2940
31-May-2019,2.3170,2.3370
30-May-2019,2.3550,2.3750
29-May-2019,2.3610,2.3810
28-May-2019,2.3620,2.3820
24-May-2019,2.3660,2.3860
23-May-2019,2.3580,2.3780
22-May-2019,2.3700,2.3900
21-May-2019,2.3710,2.3910
20-May-2019,2.3620,2.3820
17-May-2019,2.3570,2.3770
16-May-2019,2.3590,2.3790
15-May-2019,2.3490,2.3690
14-May-2019,2.3460,2.3660
13-May-2019,2.3450,2.3650
10-May-2019,2.3600,2.3800
09-May-2019,2.3630,2.3830
08-May-2019,2.3730,2.3930
07-May-2019,2.3710,2.3910
06-May-2019,2.3780,2.3980
03-May-2019,2.3860,2.4060
02-May-2019,2.3890,2.4090
01-May-2019,2.3810,2.4010
30-Apr-2019,2.3910,2.4110
29-Apr-2019,2.3940,2.4140
26-Apr-2019,2.3940,2.4140
25-Apr-2019,2.3970,2.4170
24-Apr-2019,2.3890,2.4090
23-Apr-2019,2.4000,2.4200
22-Apr-2019,2.4060,2.4260
19-Apr-2019,2.4050,2.4250
18-Apr-2019,2.4070,2.4270
17-Apr-2019,2.4060,2.4260
16-Apr-2019,2.3990,2.4190
15-Apr-2019,2.3990,2.4190
12-Apr-2019,2.4000,2.4200
11-Apr-2019,2.3960,2.4160
10-Apr-2019,2.3920,2.4120
09-Apr-2019,2.3920,2.4120
08-Apr-2019,2.3950,2.4150
05-Apr-2019,2.3930,2.4130
04-Apr-2019,2.3930,2.4130
03-Apr-2019,2.3940,2.4140
02-Apr-2019,2.3900,2.4100
01-Apr-2019,2.3920,2.4120
29-Mar-2019,2.3860,2.4060
28-Mar-2019,2.3820,2.4020
27-Mar-2019,2.3800,2.4000
26-Mar-2019,2.3900,2.4100
25-Mar-2019,2.3880,2.4080
22-Mar-2019,2.3960,2.4160
21-Mar-2019,2.4020,2.4220
20-Mar-2019,2.3950,2.4150
19-Mar-2019,2.3950,2.4150
18-Mar-2019,2.4000,2.4200
15-Mar-2019,2.3920,2.4120
14-Mar-2019,2.3950,2.4150
13-Mar-2019,2.3950,2.4150
12-Mar-2019,2.3950,2.4150
11-Mar-2019,2.3970,2.4170
08-Mar-2019,2.3950,2.4150
07-Mar-2019,2.3940,2.4140
06-Mar-2019,2.3990,2.4190
05-Mar-2019,2.4010,2.4210
04-Mar-2019,2.4010,2.4210
01-Mar-2019,2.4020,2.4220
28-Feb-2019,2.3990,2.4190
27-Feb-2019,2.3980,2.4180
26-Feb-2019,2.3990,2.4190
25-Feb-2019,2.3980,2.4180
22-Feb-2019,2.3970,2.4170
21-Feb-2019,2.3970,2.4170
20-Feb-2019,2.3930,2.4130
19-Feb-2019,2.3930,2.4130
15-Feb-2019,2.3950,2.4150
14-Feb-2019,2.3930,2.4130
13-Feb-2019,2.3960,2.4160
12-Feb-2019,2.3940,2.4140
11-Feb-2019,2.3940,2.4140
08-Feb-2019,2.3920,2.4120
07-Feb-2019,2.4000,2.4200
06-Feb-2019,2.4000,2.4200
05-Feb-2019,2.3950,2.4150
04-Feb-2019,2.3970,2.4170
01-Feb-2019,2.3960,2.4160
31-Jan-2019,2.3960,2.4160
30-Jan-2019,2.4000,2.4200
29-Jan-2019,2.4010,2.4210
28-Jan-2019,2.4010,2.4210
25-Jan-2019,2.4050,2.4250
24-Jan-2019,2.4030,2.4230
23-Jan-2019,2.4040,2.4240
22-Jan-2019,2.3990,2.4190
18-Jan-2019,2.4010,2.4210
17-Jan-2019,2.3980,2.4180
16-Jan-2019,2.3960,2.4160
15-Jan-2019,2.3970,2.4170
14-Jan-2019,2.3990,2.4190
11-Jan-2019,2.4000,2.4200
10-Jan-2019,2.4030,2.4230
09-Jan-2019,2.4000,2.4200
08-Jan-2019,2.4050,2.4250
07-Jan-2019,2.3970,2.4170
04-Jan-2019,2.3940,2.4140
03-Jan-2019,2.3830,2.4030
02-Jan-2019,2.3950,2.4150
31-Dec-2018,2.3970,2.4170
28-Dec-2018,2.3990,2.4190
27-Dec-2018,2.3940,2.4140
26-Dec-2018,2.3960,2.4160
24-Dec-2018,2.3910,2.4110
21-Dec-2018,2.3970,2.4170
20-Dec-2018,2.4040,2.4240
19-Dec-2018,2.4030,2.4230
18-Dec-2018,2.3710,2.3910
17-Dec-2018,2.3680,2.3880
14-Dec-2018,2.3800,2.4000
13-Dec-2018,2.3840,2.4040
12-Dec-2018,2.3780,2.3980
11-Dec-2018,2.3710,2.3910
10-Dec-2018,2.3600,2.3800
07-Dec-2018,2.3620,2.3820
06-Dec-2018,2.3620,2.3820
05-Dec-2018,2.3700,2.3900
04-Dec-2018,2.3640,2.3840
03-Dec-2018,2.3700,2.3900
30-Nov-2018,2.3600,2.3800
29-Nov-2018,2.3630,2.3830
28-Nov-2018,2.3590,2.3790
27-Nov-2018,2.3570,2.3770
26-Nov-2018,2.3510,2.3710
23-Nov-2018,2.3450,2.3650
22-Nov-2018,2.3430,2.3630
21-Nov-2018,2.3430,2.3630
20-Nov-2018,2.3310,2.3510
19-Nov-2018,2.3140,2.3440
16-Nov-2018,2.3230,2.3430
15-Nov-2018,2.3190,2.3490
14-Nov-2018,2.3150,2.3450
13-Nov-2018,2.3220,2.3420
12-Nov-2018,2.3300,2.3500
09-Nov-2018,2.3290,2.3490
08-Nov-2018,2.3150,2.3450
07-Nov-2018,2.3050,2.3350
06-Nov-2018,2.3020,2.3220
05-Nov-2018,2.2910,2.3210
02-Nov-2018,2.2980,2.3180
01-Nov-2018,2.2910,2.3110
31-Oct-2018,2.2890,2.3090
30-Oct-2018,2.2790,2.2990
29-Oct-2018,2.2750,2.2950
26-Oct-2018,2.2640,2.2940
25-Oct-2018,2.2700,2.3000
24-Oct-2018,2.2630,2.2930
23-Oct-2018,2.2640,2.2940
22-Oct-2018,2.2720,2.2920
19-Oct-2018,2.2670,2.2970
18-Oct-2018,2.2580,2.2880
17-Oct-2018,2.2550,2.2750
16-Oct-2018,2.2420,2.2620
15-Oct-2018,2.2400,2.2600
12-Oct-2018,2.2420,2.2620
11-Oct-2018,2.2360,2.2560
10-Oct-2018,2.2290,2.2590
09-Oct-2018,2.2320,2.2520
08-Oct-2018,2.2270,2.2570
05-Oct-2018,2.2310,2.2510
04-Oct-2018,2.2300,2.2500
03-Oct-2018,2.2210,2.2410
02-Oct-2018,2.2150,2.2350
01-Oct-2018,2.2030,2.2330
28-Sep-2018,2.2020,2.2220
27-Sep-2018,2.2030,2.2230
26-Sep-2018,2.1960,2.2160
25-Sep-2018,2.1810,2.2110
24-Sep-2018,2.1780,2.1980
21-Sep-2018,2.1760,2.1960
20-Sep-2018,2.1700,2.1900
19-Sep-2018,2.1500,2.1800
18-Sep-2018,2.1410,2.1710
17-Sep-2018,2.1340,2.1640
14-Sep-2018,2.1310,2.1610
13-Sep-2018,2.1340,2.1540
12-Sep-2018,2.1280,2.1480
11-Sep-2018,2.1200,2.1400
10-Sep-2018,2.1150,2.1350
07-Sep-2018,2.1130,2.1330
06-Sep-2018,2.1060,2.1360
05-Sep-2018,2.0970,2.1270
04-Sep-2018,2.0990,2.1190
03-Sep-2018,2.0920,2.1220
31-Aug-2018,2.0950,2.1150
30-Aug-2018,2.0910,2.1210
29-Aug-2018,2.0800,2.1100
28-Aug-2018,2.0820,2.1020
27-Aug-2018,2.0720,2.1020
24-Aug-2018,2.0740,2.0940
23-Aug-2018,2.0720,2.0920
22-Aug-2018,2.0550,2.0850
21-Aug-2018,2.0550,2.0750
20-Aug-2018,2.0500,2.0700
17-Aug-2018,2.0510,2.0710
16-Aug-2018,2.0460,2.0660
15-Aug-2018,2.0310,2.0610
14-Aug-2018,2.0280,2.0580
13-Aug-2018,2.0270,2.0470
10-Aug-2018,2.0190,2.0490
09-Aug-2018,2.0270,2.0470
08-Aug-2018,2.0190,2.0490
07-Aug-2018,2.0170,2.0370
06-Aug-2018,2.0080,2.0380
03-Aug-2018,2.0070,2.0370
02-Aug-2018,2.0040,2.0340
01-Aug-2018,2.0070,2.0270
31-Jul-2018,1.9990,2.0290
30-Jul-2018,2.0020,2.0220
27-Jul-2018,1.9950,2.0250
26-Jul-2018,1.9930,2.0230
25-Jul-2018,1.9920,2.0120
24-Jul-2018,1.9810,2.0110
23-Jul-2018,1.9830,2.0030
20-Jul-2018,1.9740,2.0040
19-Jul-2018,1.9790,1.9990
18-Jul-2018,1.9770,1.9970
17-Jul-2018,1.9670,1.9970
16-Jul-2018,1.9600,1.9800
13-Jul-2018,1.9500,1.9800
12-Jul-2018,1.9530,1.9730
11-Jul-2018,1.9440,1.9740
10-Jul-2018,1.9400,1.9700
09-Jul-2018,1.9430,1.9630
06-Jul-2018,1.9420,1.9620
05-Jul-2018,1.9340,1.9640
04-Jul-2018,1.9540,1.9840
03-Jul-2018,1.9400,1.9600
02-Jul-2018,1.9340,1.9540
29-Jun-2018,1.9250,1.9550
28-Jun-2018,1.9280,1.9480
27-Jun-2018,1.9150,1.9450
26-Jun-2018,1.9240,1.9440
25-Jun-2018,1.9180,1.9480
22-Jun-2018,1.9300,1.9500
21-Jun-2018,1.9240,1.9540
20-Jun-2018,1.9180,1.9480
19-Jun-2018,1.9030,1.9330
18-Jun-2018,1.9000,1.9300
15-Jun-2018,1.9070,1.9270
14-Jun-2018,1.9080,1.9280
13-Jun-2018,1.9030,1.9330
12-Jun-2018,1.9150,1.9350
11-Jun-2018,1.9110,1.9310
08-Jun-2018,1.8990,1.9290
07-Jun-2018,1.8960,1.9260
06-Jun-2018,1.8940,1.9240
05-Jun-2018,1.8910,1.9210
04-Jun-2018,1.9000,1.9200
01-Jun-2018,1.8820,1.9120
31-May-2018,1.8720,1.8920
30-May-2018,1.8660,1.8960
29-May-2018,1.8510,1.8710
28-May-2018,1.8830,1.9130
25-May-2018,1.8740,1.8940
24-May-2018,1.8770,1.8970
23-May-2018,1.8650,1.8850
22-May-2018,1.8840,1.9140
21-May-2018,1.8820,1.9120
18-May-2018,1.8820,1.9020
17-May-2018,1.8770,1.9070
16-May-2018,1.8760,1.8960
15-May-2018,1.8710,1.8910
14-May-2018,1.8630,1.8930
11-May-2018,1.8620,1.8820
10-May-2018,1.8600,1.8800
09-May-2018,1.8500,1.8800
08-May-2018,1.8430,1.8730
07-May-2018,1.8420,1.8620
04-May-2018,1.8380,1.8580
03-May-2018,1.8310,1.8510
02-May-2018,1.8290,1.8490
01-May-2018,1.8200,1.8500
30-Apr-2018,1.8220,1.8420
27-Apr-2018,1.8110,1.8410
26-Apr-2018,1.8150,1.8350
25-Apr-2018,1.8000,1.8300
24-Apr-2018,1.7920,1.8220
23-Apr-2018,1.7950,1.8150
20-Apr-2018,1.7840,1.8040
19-Apr-2018,1.7770,1.8070
18-Apr-2018,1.7710,1.8010
17-Apr-2018,1.7630,1.7930
16-Apr-2018,1.7602,1.7802
13-Apr-2018,1.7530,1.7830
12-Apr-2018,1.7550,1.7750
11-Apr-2018,1.7400,1.7700
10-Apr-2018,1.7380,1.7680
09-Apr-2018,1.7310,1.7610
06-Apr-2018,1.7300,1.7500
05-Apr-2018,1.7280,1.7580
04-Apr-2018,1.7200,1.7500
03-Apr-2018,1.7130,1.7430
02-Apr-2018,1.7150,1.7350
29-Mar-2018,1.7060,1.7360
28-Mar-2018,1.6990,1.7290
27-Mar-2018,1.7060,1.7260
26-Mar-2018,1.6990,1.7290
23-Mar-2018,1.6940,1.7240
22-Mar-2018,1.7050,1.7250
21-Mar-2018,1.7050,1.7250
20-Mar-2018,1.6920,1.7120
19-Mar-2018,1.6850,1.7050
16-Mar-2018,1.6740,1.7040
15-Mar-2018,1.6710,1.6910
14-Mar-2018,1.6560,1.6760
13-Mar-2018,1.6470,1.6670
12-Mar-2018,1.6350,1.6650
09-Mar-2018,1.6380,1.6580
08-Mar-2018,1.6320,1.6520
07-Mar-2018,1.6200,1.6500
06-Mar-2018,1.6150,1.6450
05-Mar-2018,1.6170,1.6370
02-Mar-2018,1.6030,1.6330
01-Mar-2018,1.5990,1.6290
28-Feb-2018,1.5980,1.6280
27-Feb-2018,1.6000,1.6200
26-Feb-2018,1.5980,1.6180
23-Feb-2018,1.5900,1.6200
22-Feb-2018,1.5920,1.6120
21-Feb-2018,1.5780,1.5980
20-Feb-2018,1.5730,1.6030
19-Feb-2018,1.5840,1.6140
16-Feb-2018,1.5740,1.5940
15-Feb-2018,1.5660,1.5960
14-Feb-2018,1.5570,1.5770
13-Feb-2018,1.5410,1.5710
12-Feb-2018,1.5360,1.5660
09-Feb-2018,1.5320,1.5620
08-Feb-2018,1.5330,1.5530
07-Feb-2018,1.5260,1.5460
06-Feb-2018,1.5110,1.5410
05-Feb-2018,1.5120,1.5320
02-Feb-2018,1.5170,1.5470
01-Feb-2018,1.5210,1.5510
31-Jan-2018,1.5100,1.5400
30-Jan-2018,1.5090,1.5390
29-Jan-2018,1.5100,1.5300
26-Jan-2018,1.5110,1.5310
25-Jan-2018,1.5080,1.5280
24-Jan-2018,1.4940,1.5140
23-Jan-2018,1.4840,1.5140
22-Jan-2018,1.4860,1.5060
19-Jan-2018,1.4790,1.5090
18-Jan-2018,1.4800,1.5000
17-Jan-2018,1.4700,1.5000
16-Jan-2018,1.4680,1.4980
15-Jan-2018,1.4660,1.4960
12-Jan-2018,1.4690,1.4890
11-Jan-2018,1.4560,1.4860
10-Jan-2018,1.4470,1.4770
09-Jan-2018,1.4450,1.4750
08-Jan-2018,1.4470,1.4670
05-Jan-2018,1.4390,1.4690
04-Jan-2018,1.4390,1.4690
03-Jan-2018,1.4290,1.4590
